編號,學校,科系,招生名額,分發人數,比例,備註
1,國立臺灣大學,中國文學系(001012),21,21,100%,
1,國立臺灣大學,外國語文學系(001022),47,47,100%,
1,國立臺灣大學,歷史學系(001032),23,18,78%,
1,國立臺灣大學,哲學系(001042),20,17,85%,
1,國立臺灣大學,人類學系(001052),12,6,50%,
1,國立臺灣大學,圖書資訊學系(001062),23,15,65%,
1,國立臺灣大學,日本語文學系(001072),24,24,100%,
1,國立臺灣大學,戲劇學系(001082),14,0,0%,
1,國立臺灣大學,數學系(001092),13,13,100%,
1,國立臺灣大學,物理學系(001102),27,21,78%,
1,國立臺灣大學,化學系(001112),27,27,100%,
1,國立臺灣大學,地質科學系(001122),22,22,100%,
1,國立臺灣大學,心理學系(001132),20,12,60%,
1,國立臺灣大學,地理環境資源學系(001142),13,13,100%,
1,國立臺灣大學,大氣科學系(001152),18,17,94%,
1,國立臺灣大學,政治學系政治理論組(001162),19,11,58%,
1,國立臺灣大學,政治學系國際關係組(001172),20,20,100%,
1,國立臺灣大學,政治學系公共行政組(001182),20,15,75%,
1,國立臺灣大學,經濟學系A組(001192),26,26,100%,
1,國立臺灣大學,經濟學系B組(001202),20,20,100%,
1,國立臺灣大學,經濟學系C組(001212),14,14,100%,
1,國立臺灣大學,社會學系(001222),19,18,95%,
1,國立臺灣大學,社會工作學系(001232),17,17,100%,
1,國立臺灣大學,醫學系(001242),51,51,100%,
1,國立臺灣大學,醫學系(公費生)(001252),12,11,92%,
1,國立臺灣大學,牙醫學系(001262),11,11,100%,
1,國立臺灣大學,藥學系(001272),21,15,71%,
1,國立臺灣大學,醫學檢驗暨生物技術學系(001282),19,15,79%,
1,國立臺灣大學,護理學系(001292),27,25,93%,
1,國立臺灣大學,物理治療學系(001302),20,11,55%,
1,國立臺灣大學,職能治療學系(001312),21,15,71%,
1,國立臺灣大學,土木工程學系(001322),57,54,95%,
1,國立臺灣大學,機械工程學系(001332),84,84,100%,
1,國立臺灣大學,化學工程學系(001342),71,71,100%,
1,國立臺灣大學,工程科學及海洋工程學系(001352),26,26,100%,
1,國立臺灣大學,材料科學與工程學系(001362),31,17,55%,
1,國立臺灣大學,醫學工程學系(001372),12,7,58%,
1,國立臺灣大學,農藝學系(001382),14,14,100%,
1,國立臺灣大學,生物環境系統工程學系(001392),22,16,73%,
1,國立臺灣大學,農業化學系(001402),25,25,100%,
1,國立臺灣大學,森林環境暨資源學系(001412),39,39,100%,
1,國立臺灣大學,動物科學技術學系(001422),17,9,53%,
1,國立臺灣大學,農業經濟學系(001432),20,16,80%,
1,國立臺灣大學,園藝暨景觀學系(001442),24,24,100%,
1,國立臺灣大學,獸醫學系(001452),29,29,100%,
1,國立臺灣大學,生物產業傳播暨發展學系(001462),20,19,95%,
1,國立臺灣大學,生物機電工程學系(001472),21,20,95%,
1,國立臺灣大學,昆蟲學系(001482),17,17,100%,
1,國立臺灣大學,植物病理與微生物學系(001492),13,9,69%,
1,國立臺灣大學,工商管理學系企業管理組(001502),32,16,50%,
1,國立臺灣大學,工商管理學系科技管理組(001512),26,24,92%,
1,國立臺灣大學,會計學系(001522),42,42,100%,
1,國立臺灣大學,財務金融學系(001532),50,50,100%,
1,國立臺灣大學,國際企業學系(001542),45,45,100%,
1,國立臺灣大學,資訊管理學系(001552),31,31,100%,
1,國立臺灣大學,資訊管理學系(資安組)(001562),5,5,100%,
1,國立臺灣大學,公共衛生學系(001572),24,17,71%,
1,國立臺灣大學,電機工程學系(001582),92,92,100%,
1,國立臺灣大學,資訊工程學系(001592),51,51,100%,
1,國立臺灣大學,資訊工程學系(APCS組)(001602),4,4,100%,
1,國立臺灣大學,資訊工程學系(資安組)(001612),5,5,100%,
1,國立臺灣大學,法律學系法學組(001622),17,12,71%,
1,國立臺灣大學,法律學系司法組(001632),17,17,100%,
1,國立臺灣大學,法律學系財經法學組(001642),17,17,100%,
1,國立臺灣大學,生命科學系(001652),26,21,81%,
1,國立臺灣大學,生化科技學系(001662),29,23,79%,
1,國立臺灣大學,國際體育運動事務學士學位學程(001672),5,5,100%,
1,國立臺灣大學,希望組甲組(文社法)(001682),12,12,100%,
1,國立臺灣大學,希望組乙組(地經生傳)(001692),3,0,0%,
1,國立臺灣大學,希望組丙組(理)(001702),6,5,83%,
1,國立臺灣大學,希望組丁組(生醫)(001712),8,5,63%,
1,國立臺灣大學,希望組戊組(工電資)(001722),13,11,85%,
1,國立臺灣大學,希望組己組(商管)(001732),4,3,75%,
1,國立臺灣大學,希望組庚組(生農)(001742),9,8,89%,
1,國立臺灣大學,希望組辛組(醫牙)(001752),2,1,50%,
2,國立臺灣師範大學,教育學系(002012),26,19,73%,
2,國立臺灣師範大學,教育心理與輔導學系(002022),16,16,100%,
2,國立臺灣師範大學,社會教育學系(002032),23,11,48%,
2,國立臺灣師範大學,社會教育學系(青年儲蓄帳戶組)(002042),1,0,0%,
2,國立臺灣師範大學,健康促進與衛生教育學系(002052),18,10,56%,
2,國立臺灣師範大學,幼兒與家庭科學學系家庭生活與教育組(002062),14,14,100%,
2,國立臺灣師範大學,幼兒與家庭科學學系幼兒發展與教育組(002072),14,14,100%,
2,國立臺灣師範大學,幼兒與家庭科學學系幼兒發展與教育組(青年儲蓄帳戶組)(002082),1,0,0%,
2,國立臺灣師範大學,公民教育與活動領導學系(002092),27,15,56%,
2,國立臺灣師範大學,公民教育與活動領導學系(公費生)(002102),1,0,0%,
2,國立臺灣師範大學,特殊教育學系(002112),15,15,100%,
2,國立臺灣師範大學,學習科學學士學位學程(002122),5,5,100%,
2,國立臺灣師範大學,教育學院學士班(002132),8,8,100%,
2,國立臺灣師範大學,教育學院學士班(青年儲蓄帳戶組)(002142),1,1,100%,
2,國立臺灣師範大學,國文學系(002152),38,12,32%,
2,國立臺灣師範大學,英語學系(002162),40,36,90%,
2,國立臺灣師範大學,歷史學系(002172),25,20,80%,
2,國立臺灣師範大學,地理學系(002182),35,35,100%,
2,國立臺灣師範大學,臺灣語文學系(002192),8,8,100%,
2,國立臺灣師範大學,數學系(002202),44,44,100%,
2,國立臺灣師範大學,物理學系(002212),36,36,100%,
2,國立臺灣師範大學,物理學系(公費生)(002222),1,0,0%,
2,國立臺灣師範大學,化學系(002232),37,33,89%,
2,國立臺灣師範大學,生命科學系(002242),24,15,63%,
2,國立臺灣師範大學,地球科學系(002252),12,4,33%,
2,國立臺灣師範大學,資訊工程學系(002262),26,22,85%,
2,國立臺灣師範大學,資訊工程學系(APCS組)(002272),3,3,100%,
2,國立臺灣師範大學,資訊工程學系(資安組)(002282),5,5,100%,
2,國立臺灣師範大學,資訊工程學系(公費生)(002292),1,1,100%,
2,國立臺灣師範大學,營養科學學士學位學程(002302),13,9,69%,
2,國立臺灣師範大學,科技應用與人力資源發展學系(002312),39,39,100%,
2,國立臺灣師範大學,圖文傳播學系(002322),8,8,100%,
2,國立臺灣師範大學,機電工程學系(002332),14,8,57%,
2,國立臺灣師範大學,電機工程學系(002342),29,23,79%,
2,國立臺灣師範大學,光電工程學士學位學程(002352),7,7,100%,
2,國立臺灣師範大學,華語文教學系應用華語文學組(002362),18,18,100%,
2,國立臺灣師範大學,華語文教學系應用華語文學組(青年儲蓄帳戶組)(002372),1,0,0%,
2,國立臺灣師範大學,東亞學系(002382),20,20,100%,
2,國立臺灣師範大學,企業管理學系(002392),17,11,65%,
2,國立臺灣師範大學,設計學系產品設計組(002402),10,10,100%,
2,國立臺灣師範大學,晨光招生(學習科學學士學位學程)(002412),3,3,100%,
2,國立臺灣師範大學,晨光招生(生命科學系)(002422),3,3,100%,
2,國立臺灣師範大學,晨光招生(光電工程學士學位學程)(002432),2,2,100%,
2,國立臺灣師範大學,晨光招生(企業管理學系)(002442),2,2,100%,
2,國立臺灣師範大學,晨光招生(表演藝術學士學位學程)(002452),2,2,100%,
2,國立臺灣師範大學,音樂學系(002462),63,61,97%,
2,國立臺灣師範大學,表演藝術學士學位學程(002472),6,5,83%,
2,國立臺灣師範大學,設計學系視覺設計組(002482),10,10,100%,
2,國立臺灣師範大學,美術學系繪畫組(002492),13,13,100%,
2,國立臺灣師範大學,美術學系繪畫組(公費生)(002502),1,1,100%,
2,國立臺灣師範大學,美術學系水墨畫組(002512),13,13,100%,
2,國立臺灣師範大學,體育與運動科學系(002522),24,19,79%,
3,國立中興大學,中國文學系(003012),27,12,44%,全校無面試只書審
3,國立中興大學,外國語文學系(003022),20,13,65%,全校無面試只書審
3,國立中興大學,歷史學系(003032),23,15,65%,全校無面試只書審
3,國立中興大學,台灣人文創新學士學位學程(003042),7,7,100%,全校無面試只書審
3,國立中興大學,財務金融學系(003052),27,20,74%,全校無面試只書審
3,國立中興大學,企業管理學系(003062),22,5,23%,全校無面試只書審
3,國立中興大學,資訊管理學系(003072),16,15,94%,全校無面試只書審
3,國立中興大學,會計學系(003082),20,5,25%,全校無面試只書審
3,國立中興大學,行銷學系(003092),22,8,36%,全校無面試只書審
3,國立中興大學,應用經濟學系(003102),17,7,41%,全校無面試只書審
3,國立中興大學,法律學系(003112),16,9,56%,全校無面試只書審
3,國立中興大學,化學系(003122),23,20,87%,全校無面試只書審
3,國立中興大學,物理學系一般物理組(003132),17,10,59%,全校無面試只書審
3,國立中興大學,物理學系光電物理組(003142),13,13,100%,全校無面試只書審
3,國立中興大學,應用數學系應用數學組(003152),21,15,71%,全校無面試只書審
3,國立中興大學,應用數學系數據科學與計算組(003162),22,22,100%,全校無面試只書審
3,國立中興大學,應用數學系數據科學與計算組(資安組)(003172),4,4,100%,全校無面試只書審
3,國立中興大學,機械工程學系(003182),52,36,69%,全校無面試只書審
3,國立中興大學,土木工程學系(003192),47,31,66%,全校無面試只書審
3,國立中興大學,環境工程學系(003202),15,12,80%,全校無面試只書審
3,國立中興大學,化學工程學系(003212),16,9,56%,全校無面試只書審
3,國立中興大學,材料科學與工程學系(003222),16,9,56%,全校無面試只書審
3,國立中興大學,智慧創意工程學士學位學程(003232),7,7,100%,全校無面試只書審
3,國立中興大學,電機工程學系(003242),26,13,50%,全校無面試只書審
3,國立中興大學,資訊工程學系(003252),10,2,20%,全校無面試只書審
3,國立中興大學,資訊工程學系(APCS組)(003262),3,3,100%,全校無面試只書審
3,國立中興大學,電機資訊學院學士班(003272),17,8,47%,全校無面試只書審
3,國立中興大學,生物產業機電工程學系(003282),22,22,100%,全校無面試只書審
3,國立中興大學,水土保持學系(003292),29,23,79%,全校無面試只書審
3,國立中興大學,食品暨應用生物科技學系(003302),24,11,46%,全校無面試只書審
3,國立中興大學,農藝學系(003312),19,12,63%,全校無面試只書審
3,國立中興大學,園藝學系(003322),16,13,81%,全校無面試只書審
3,國立中興大學,森林學系林學組(003332),15,3,20%,全校無面試只書審
3,國立中興大學,森林學系木材科學組(003342),14,14,100%,全校無面試只書審
3,國立中興大學,植物病理學系(003352),21,12,57%,全校無面試只書審
3,國立中興大學,昆蟲學系(003362),24,14,58%,全校無面試只書審
3,國立中興大學,動物科學系(003372),17,17,100%,全校無面試只書審
3,國立中興大學,土壤環境科學系(003382),24,24,100%,全校無面試只書審
3,國立中興大學,生物科技學士學位學程(003392),15,8,53%,全校無面試只書審
3,國立中興大學,景觀與遊憩學士學位學程(003402),9,7,78%,全校無面試只書審
3,國立中興大學,國際農企業學士學位學程(003412),7,3,43%,全校無面試只書審
3,國立中興大學,生命科學系(003422),47,36,77%,全校無面試只書審
3,國立中興大學,獸醫學系(003432),35,33,94%,全校無面試只書審
3,國立中興大學,興翼招生A組(商學管理)(003442),10,9,90%,全校無面試只書審
3,國立中興大學,興翼招生B組(文史法律)(003452),5,5,100%,全校無面試只書審
3,國立中興大學,興翼招生C組(化學數學)(003462),4,3,75%,全校無面試只書審
3,國立中興大學,興翼招生D組(化材電資暨工程)(003472),18,7,39%,全校無面試只書審
3,國立中興大學,興翼招生E組(生物資源暨農業科技)(003482),10,1,10%,全校無面試只書審
3,國立中興大學,興翼招生F組(生物科技暨獸醫)(003492),9,9,100%,全校無面試只書審
4,國立成功大學,中國文學系(004012),12,2,17%,
4,國立成功大學,外國語文學系(004022),12,9,75%,
4,國立成功大學,歷史學系(004032),15,14,93%,
4,國立成功大學,台灣文學系(004042),20,11,55%,
4,國立成功大學,數學系(004052),25,22,88%,
4,國立成功大學,數學系(APCS組)(004062),3,0,0%,
4,國立成功大學,物理學系(004072),20,20,100%,
4,國立成功大學,化學系(004082),31,24,77%,
4,國立成功大學,地球科學系(004092),25,20,80%,
4,國立成功大學,光電科學與工程學系(004102),18,9,50%,
4,國立成功大學,機械工程學系(004112),79,60,76%,
4,國立成功大學,機械工程學系(普渡雙聯組)(004122),11,5,45%,
4,國立成功大學,化學工程學系(004132),61,31,51%,
4,國立成功大學,材料科學及工程學系(004142),47,19,40%,
4,國立成功大學,資源工程學系(004152),24,21,88%,
4,國立成功大學,土木工程學系(004162),49,24,49%,
4,國立成功大學,水利及海洋工程學系(004172),26,26,100%,
4,國立成功大學,工程科學系(004182),29,29,100%,
4,國立成功大學,系統及船舶機電工程學系(004192),29,29,100%,
4,國立成功大學,航空太空工程學系(004202),24,24,100%,
4,國立成功大學,能源工程國際學士學位學程(004212),20,20,100%,
4,國立成功大學,環境工程學系(004222),25,19,76%,
4,國立成功大學,測量及空間資訊學系(004232),28,27,96%,
4,國立成功大學,生物醫學工程學系(004242),17,10,59%,
4,國立成功大學,工業與資訊管理學系(004252),27,20,74%,
4,國立成功大學,工業與資訊管理學系(APCS組)(004262),1,1,100%,
4,國立成功大學,交通管理科學系(004272),24,23,96%,
4,國立成功大學,統計學系(004282),18,15,83%,
4,國立成功大學,會計學系(004292),19,19,100%,
4,國立成功大學,企業管理學系(004302),17,14,82%,
4,國立成功大學,醫學系(004312),40,25,63%,
4,國立成功大學,醫學系(公費生)(004322),5,2,40%,
4,國立成功大學,牙醫學系(004332),9,6,67%,
4,國立成功大學,醫學檢驗生物技術學系(004342),15,9,60%,
4,國立成功大學,護理學系(004352),20,12,60%,
4,國立成功大學,物理治療學系(004362),13,13,100%,
4,國立成功大學,職能治療學系(004372),13,10,77%,
4,國立成功大學,藥學系(004382),15,13,87%,
4,國立成功大學,政治學系(004392),21,20,95%,
4,國立成功大學,經濟學系(004402),21,14,67%,
4,國立成功大學,法律學系(004412),16,10,63%,
4,國立成功大學,心理學系(004422),21,15,71%,
4,國立成功大學,電機工程學系(004432),71,71,100%,
4,國立成功大學,電機工程學系(普渡雙聯組)(004442),6,6,100%,
4,國立成功大學,資訊工程學系(004452),44,27,61%,
4,國立成功大學,資訊工程學系(普渡雙聯組)(004462),6,6,100%,
4,國立成功大學,資訊工程學系(APCS組)(004472),3,3,100%,
4,國立成功大學,建築學系(004482),30,30,100%,
4,國立成功大學,都市計劃學系(004492),27,26,96%,
4,國立成功大學,工業設計學系(004502),18,18,100%,
4,國立成功大學,生命科學系(004512),26,14,54%,
4,國立成功大學,生物科技與產業科學系(004522),11,11,100%,
4,國立成功大學,生物科技與產業科學系(APCS組)(004532),3,3,100%,
4,國立成功大學,全校不分系學士學位學程(004542),11,11,100%,
4,國立成功大學,成星招生甲組(文社)(004552),12,12,100%,
4,國立成功大學,成星招生乙組(管理)(004562),12,12,100%,
4,國立成功大學,成星招生丙組(理)(004572),10,5,50%,
4,國立成功大學,成星招生丁組(工)(004582),37,37,100%,
4,國立成功大學,成星招生戊組(生醫)(004592),16,16,100%,
5,東吳大學,中國文學系(005012),95,50,53%,
5,東吳大學,歷史學系(005022),27,22,81%,
5,東吳大學,哲學系(005032),36,23,64%,
5,東吳大學,政治學系(005042),68,45,66%,
5,東吳大學,社會學系(005052),60,41,68%,
5,東吳大學,社會工作學系(005062),59,39,66%,
5,東吳大學,社會工作學系(連江公費生)(005072),1,1,100%,
5,東吳大學,英文學系(005082),87,54,62%,
5,東吳大學,日本語文學系(005092),82,58,71%,
5,東吳大學,德國文化學系(005102),24,23,96%,
5,東吳大學,數學系(005112),28,12,43%,
5,東吳大學,物理學系(005122),27,27,100%,
5,東吳大學,化學系(005132),25,8,32%,
5,東吳大學,微生物學系(005142),34,20,59%,
5,東吳大學,心理學系(005152),33,23,70%,
5,東吳大學,法律學系(005162),120,116,97%,
5,東吳大學,經濟學系(005172),88,70,80%,
5,東吳大學,會計學系(005182),140,133,95%,
5,東吳大學,企業管理學系(005192),123,65,53%,
5,東吳大學,國際經營與貿易學系(005202),58,34,59%,
5,東吳大學,財務工程與精算數學系(005212),109,102,94%,
5,東吳大學,資訊管理學系(005222),77,35,45%,
5,東吳大學,資訊管理學系（APCS組）(005232),2,2,100%,
5,東吳大學,資料科學系(005242),61,24,39%,
5,東吳大學,音樂學系(005252),48,46,96%,
6,國立政治大學,中國文學系(006012),37,29,78%,
6,國立政治大學,歷史學系(006022),20,12,60%,
6,國立政治大學,哲學系(006032),24,22,92%,
6,國立政治大學,教育學系(006042),23,22,96%,
6,國立政治大學,政治學系(006052),20,9,45%,
6,國立政治大學,社會學系(006062),20,9,45%,
6,國立政治大學,財政學系(006072),34,34,100%,
6,國立政治大學,公共行政學系(006082),16,7,44%,
6,國立政治大學,地政學系土地資源規劃組(006092),22,22,100%,
6,國立政治大學,地政學系土地管理組(006102),21,21,100%,
6,國立政治大學,地政學系土地測量與資訊組(006112),19,16,84%,
6,國立政治大學,經濟學系(006122),42,41,98%,
6,國立政治大學,民族學系(006132),16,11,69%,
6,國立政治大學,外交學系(006142),23,12,52%,
6,國立政治大學,國際經營與貿易學系(006152),30,21,70%,
6,國立政治大學,金融學系(006162),23,6,26%,
6,國立政治大學,會計學系(006172),36,19,53%,
6,國立政治大學,統計學系(甲組)(006182),13,13,100%,
6,國立政治大學,統計學系(乙組)(006192),6,6,100%,
6,國立政治大學,企業管理學系(006202),31,20,65%,
6,國立政治大學,資訊管理學系(006212),25,16,64%,
6,國立政治大學,財務管理學系(006222),22,13,59%,
6,國立政治大學,風險管理與保險學系(006232),17,7,41%,
6,國立政治大學,傳播學院大一大二不分系(社會組)(006242),50,50,100%,
6,國立政治大學,傳播學院大一大二不分系(自然組)(006252),9,9,100%,
6,國立政治大學,英國語文學系(006262),24,23,96%,
6,國立政治大學,阿拉伯語文學系(006272),18,14,78%,
6,國立政治大學,斯拉夫語文學系(006282),21,21,100%,
6,國立政治大學,日本語文學系(006292),13,7,54%,
6,國立政治大學,韓國語文學系(006302),11,11,100%,
6,國立政治大學,土耳其語文學系(006312),11,11,100%,
6,國立政治大學,歐洲語文學系法文組(006322),9,8,89%,
6,國立政治大學,歐洲語文學系德文組(006332),9,9,100%,
6,國立政治大學,歐洲語文學系西班牙文組(006342),8,8,100%,
6,國立政治大學,東南亞語言與文化學士學位學程越文組(006352),7,5,71%,
6,國立政治大學,東南亞語言與文化學士學位學程泰文組(006362),6,6,100%,
6,國立政治大學,東南亞語言與文化學士學位學程印尼文組(006372),7,7,100%,
6,國立政治大學,法律學系(006382),72,24,33%,
6,國立政治大學,應用數學系(006392),24,13,54%,
6,國立政治大學,心理學系(006402),13,6,46%,
6,國立政治大學,資訊科學系(006412),7,0,0%,
6,國立政治大學,資訊科學系(人工智慧組)(006422),4,0,0%,
6,國立政治大學,資訊科學系(APCS組)(006432),3,3,100%,
6,國立政治大學,資訊科學系(資安組)(006442),4,4,100%,
6,國立政治大學,創新國際學院學士班(006452),12,12,100%,
6,國立政治大學,政星招生(甲組)(006462),29,29,100%,
6,國立政治大學,政星招生(乙組)(006472),23,23,100%,
7,高雄醫學大學,醫學系(007012),78,45,58%,
7,高雄醫學大學,醫學系(公費生)(007022),8,4,50%,
7,高雄醫學大學,運動醫學系(007032),28,13,46%,
7,高雄醫學大學,呼吸治療學系(007042),23,10,43%,
7,高雄醫學大學,牙醫學系(007052),46,42,91%,
7,高雄醫學大學,口腔衛生學系(007062),25,3,12%,
7,高雄醫學大學,藥學系(007072),76,56,74%,
7,高雄醫學大學,香菻~學系(007082),42,29,69%,
7,高雄醫學大學,護理學系(007092),38,19,50%,
7,高雄醫學大學,醫學檢驗生物技術學系(007102),22,21,95%,
7,高雄醫學大學,醫學影像暨放射科學系(007112),22,11,50%,
7,高雄醫學大學,公共衛生學系(007122),27,15,56%,
7,高雄醫學大學,職能治療學系(007132),22,11,50%,
7,高雄醫學大學,物理治療學系(007142),22,8,36%,
7,高雄醫學大學,醫務管理暨醫療資訊學系(007152),26,10,38%,
7,高雄醫學大學,醫務管理暨醫療資訊學系(APCS組)(007162),2,1,50%,
7,高雄醫學大學,醫藥暨應用化學系醫藥化學組(007172),24,15,63%,
7,高雄醫學大學,醫藥暨應用化學系應用化學組(007182),24,18,75%,
7,高雄醫學大學,生物醫學暨環境生物學系(007192),23,14,61%,
7,高雄醫學大學,生物科技學系(007202),22,4,18%,
7,高雄醫學大學,生命科學院學士班(007212),7,7,100%,
7,高雄醫學大學,心理學系(007222),26,12,46%,
7,高雄醫學大學,醫學社會學與社會工作學系(007232),37,33,89%,
7,高雄醫學大學,薪火招生A1組(醫學系)(007242),1,0,0%,
7,高雄醫學大學,薪火招生A2組(牙醫學系)(007252),1,0,0%,
7,高雄醫學大學,薪火招生A3組(藥學系)(007262),1,1,100%,
7,高雄醫學大學,薪火招生B組(007272),7,5,71%,
7,高雄醫學大學,薪火招生C組(007282),8,3,38%,
7,高雄醫學大學,薪火招生D組(007292),4,2,50%,
7,高雄醫學大學,薪火招生E組(007302),8,6,75%,
8,中原大學,應用數學系(008012),73,53,73%,
8,中原大學,物理學系物理組(008022),29,26,90%,
8,中原大學,物理學系光電與材料科學組(008032),33,25,76%,
8,中原大學,化學系化學組(008042),37,27,73%,
8,中原大學,化學系材料化學組(008052),36,19,53%,
8,中原大學,心理學系(008062),76,64,84%,
8,中原大學,生物科技學系(008072),70,70,100%,
8,中原大學,化學工程學系綠能製程組(008082),36,26,72%,
8,中原大學,化學工程學系生化工程組(008092),36,22,61%,
8,中原大學,化學工程學系材料工程組(008102),34,25,74%,
8,中原大學,土木工程學系(008112),110,79,72%,
8,中原大學,機械工程學系(008122),113,63,56%,
8,中原大學,生物醫學工程學系(008132),77,77,100%,
8,中原大學,環境工程學系(008142),36,36,100%,
8,中原大學,電機資訊學院學士班(008152),29,16,55%,
8,中原大學,工業與系統工程學系工程組(008162),64,64,100%,
8,中原大學,工業與系統工程學系管理組(008172),24,18,75%,
8,中原大學,電子工程學系(008182),74,74,100%,
8,中原大學,資訊工程學系(008192),64,44,69%,
8,中原大學,電機工程學系(008202),70,56,80%,
8,中原大學,電機工程學系(APCS組)(008212),3,3,100%,
8,中原大學,美國威大密爾瓦基分校電機與資訊工程雙學士學位學程(008222),14,10,71%,
8,中原大學,電機資訊學院智慧運算與巨量資料學士班(008232),31,27,87%,
8,中原大學,企業管理學系服務業管理組(008242),32,22,69%,
8,中原大學,企業管理學系高科技業管理組(008252),33,27,82%,
8,中原大學,企業管理學系工商管理組(008262),59,48,81%,
8,中原大學,國際經營與貿易學系(008272),48,33,69%,
8,中原大學,會計學系(008282),85,65,76%,
8,中原大學,資訊管理學系(008292),48,41,85%,
8,中原大學,財務金融學系(008302),68,39,57%,
8,中原大學,與美國天普大學商學管理雙學士學位學程(008312),12,11,92%,
8,中原大學,財經法律學系財貿法組(008322),30,14,47%,
8,中原大學,財經法律學系科技法組(008332),30,29,97%,
8,中原大學,建築學系(008342),35,27,77%,
8,中原大學,室內設計學系(008352),35,35,100%,
8,中原大學,商業設計學系商業設計組(008362),30,12,40%,
8,中原大學,商業設計學系產品設計組乙類(008372),7,6,86%,
8,中原大學,地景建築學系(008382),34,27,79%,
8,中原大學,英國牛津布魯克斯大學建築及都市設計雙學士學位學程(008392),13,12,92%,
8,中原大學,特殊教育學系(008402),35,18,51%,
8,中原大學,應用外國語文學系(008412),58,37,64%,
8,中原大學,應用華語文學系(008422),74,74,100%,
8,中原大學,商業設計學系產品設計組甲類(008432),12,12,100%,
9,東海大學,中國文學系(009012),59,44,75%,
9,東海大學,外國語文學系(009022),52,47,90%,
9,東海大學,歷史學系(009032),34,34,100%,
9,東海大學,日本語言文化學系(009042),58,56,97%,
9,東海大學,哲學系(009052),34,34,100%,
9,東海大學,應用物理學系(009062),34,28,82%,
9,東海大學,化學系化學組(009072),26,21,81%,
9,東海大學,化學系化學生物組(009082),28,20,71%,
9,東海大學,生命科學系生物醫學組(009092),28,22,79%,
9,東海大學,生命科學系生態暨生物多樣性組(009102),28,20,71%,
9,東海大學,應用數學系(009112),22,15,68%,
9,東海大學,化學工程與材料工程學系(009122),51,18,35%,
9,東海大學,工業工程與經營資訊學系(智慧設計與生產)(009132),25,25,100%,
9,東海大學,工業工程與經營資訊學系(智慧經營與管理)(009142),31,24,77%,
9,東海大學,環境科學與工程學系(009152),51,42,82%,
9,東海大學,資訊工程學系(009162),65,26,40%,
9,東海大學,資訊工程學系(APCS組)(009172),3,3,100%,
9,東海大學,電機工程學系(009182),40,40,100%,
9,東海大學,企業管理學系(009192),90,72,80%,
9,東海大學,國際經營與貿易學系(009202),61,43,70%,
9,東海大學,會計學系(009212),68,24,35%,
9,東海大學,財務金融學系(009222),65,46,71%,
9,東海大學,統計學系(巨量資料管理組)(009232),32,15,47%,
9,東海大學,統計學系(決策管理組)(009242),32,24,75%,
9,東海大學,資訊管理學系(009252),33,33,100%,
9,東海大學,經濟學系一般經濟組(009262),45,27,60%,
9,東海大學,經濟學系產業經濟組(009272),28,20,71%,
9,東海大學,政治學系政治理論組(009282),25,23,92%,
9,東海大學,政治學系國際關係組(009292),23,15,65%,
9,東海大學,行政管理暨政策學系(009302),43,21,49%,
9,東海大學,社會學系(009312),49,44,90%,
9,東海大學,社會工作學系(009322),68,55,81%,
9,東海大學,畜產與生物科技學系(009332),65,65,100%,
9,東海大學,食品科學系(009342),58,56,97%,
9,東海大學,餐旅管理學系(009352),30,20,67%,
9,東海大學,高齡健康與運動科學學士學位學程(009362),24,24,100%,
9,東海大學,建築學系(009372),30,30,100%,
9,東海大學,工業設計學系(A組)(009382),10,8,80%,
9,東海大學,工業設計學系(B組)(009392),10,10,100%,
9,東海大學,景觀學系(009402),31,18,58%,
9,東海大學,法律學系(009412),64,46,72%,
9,東海大學,國際學院國際經營管理學位學程(009422),30,30,100%,
9,東海大學,永續科學與管理學士學位學程(009432),12,7,58%,
9,東海大學,音樂學系(009442),28,24,86%,
9,東海大學,美術學系(009452),29,29,100%,
11,國立清華大學,中國文學系甲組(一般組)(011012),18,18,100%,
11,國立清華大學,中國文學系乙組(華語文教學組)(011022),7,7,100%,
11,國立清華大學,外國語文學系(011032),25,12,48%,
11,國立清華大學,人文社會學院學士班(011042),50,37,74%,
11,國立清華大學,教育與學習科技學系(011052),25,25,100%,
11,國立清華大學,幼兒教育學系(011062),25,25,100%,
11,國立清華大學,教育心理與諮商學系(011072),14,9,64%,
11,國立清華大學,特殊教育學系(011082),20,15,75%,
11,國立清華大學,英語教學系(011092),23,21,91%,
11,國立清華大學,英語教學系(公費生)(011102),1,0,0%,
11,國立清華大學,竹師教育學院學士班甲組(雙專長組)(011112),16,16,100%,
11,國立清華大學,竹師教育學院學士班乙組(永續發展教育組)(011122),16,15,94%,
11,國立清華大學,經濟學系(011132),45,35,78%,
11,國立清華大學,科技管理學院學士班(011142),22,22,100%,
11,國立清華大學,計量財務金融學系(011152),30,17,57%,
11,國立清華大學,數學系甲組(數學組)(011162),17,17,100%,
11,國立清華大學,數學系乙組(應用數學組)(011172),19,13,68%,
11,國立清華大學,物理學系物理組(甲組一般組)(011182),25,21,84%,
11,國立清華大學,物理學系物理組(乙組天文物理組)(011192),5,5,100%,
11,國立清華大學,物理學系光電物理組(011202),10,10,100%,
11,國立清華大學,化學系(011212),29,23,79%,
11,國立清華大學,理學院學士班(011222),22,11,50%,
11,國立清華大學,生醫工程與環境科學系(011232),25,25,100%,
11,國立清華大學,工程與系統科學系甲組(低碳綠能組)(011242),36,36,100%,
11,國立清華大學,工程與系統科學系乙組(智慧奈米系統組)(011252),42,27,64%,
11,國立清華大學,原子科學院學士班(011262),16,13,81%,
11,國立清華大學,化學工程學系(011272),33,22,67%,
11,國立清華大學,動力機械工程學系(011282),72,62,86%,
11,國立清華大學,材料科學工程學系(011292),60,60,100%,
11,國立清華大學,工業工程與工程管理學系(011302),43,43,100%,
11,國立清華大學,工學院學士班(011312),36,36,100%,
11,國立清華大學,電機工程學系甲組(011322),5,5,100%,
11,國立清華大學,電機工程學系乙組(011332),52,38,73%,
11,國立清華大學,資訊工程學系甲組(電子資訊組)(011342),5,5,100%,
11,國立清華大學,資訊工程學系乙組(資訊工程組)(011352),57,39,68%,
11,國立清華大學,資訊工程學系丙組(人工智慧組)(011362),5,5,100%,
11,國立清華大學,資訊工程學系(APCS組)(011372),3,3,100%,
11,國立清華大學,電機資訊學院學士班(011382),15,15,100%,
11,國立清華大學,生命科學系(011392),27,27,100%,
11,國立清華大學,醫學科學系(011402),19,7,37%,
11,國立清華大學,生命科學暨醫學院學士班(011412),21,16,76%,
11,國立清華大學,清華學院學士班甲組(不分系招生–創新設計)(011422),8,8,100%,
11,國立清華大學,清華學院學士班乙組(青年儲蓄帳戶組)(011432),2,0,0%,
11,國立清華大學,旭日招生甲組(人文、教育)(011442),9,9,100%,
11,國立清華大學,旭日招生乙組(科管)(011452),4,4,100%,
11,國立清華大學,旭日招生丙組(理工、原科、生科)(011462),17,17,100%,
11,國立清華大學,旭日招生丁組(電資院)(011472),6,6,100%,
11,國立清華大學,運動科學系(011482),12,12,100%,
11,國立清華大學,藝術學院學士班(科技藝術組)(011492),19,19,100%,
11,國立清華大學,藝術學院學士班(音樂組)(011502),5,5,100%,
11,國立清華大學,藝術學院學士班(藝設跨域組)(011512),6,6,100%,
11,國立清華大學,音樂學系(011522),35,35,100%,
11,國立清華大學,藝術與設計學系創作組(011532),20,20,100%,
11,國立清華大學,藝術與設計學系設計組(011542),20,20,100%,
12,中國醫藥大學,牙醫學系(012012),32,15,47%,
12,中國醫藥大學,醫學系(012022),87,87,100%,
12,中國醫藥大學,中醫學系甲組(012032),41,20,49%,
12,中國醫藥大學,中醫學系乙組(012042),43,43,100%,
12,中國醫藥大學,藥學系(012052),157,157,100%,
12,中國醫藥大學,護理學系(012062),47,22,47%,
12,中國醫藥大學,醫學檢驗生物技術學系(012072),27,6,22%,
12,中國醫藥大學,營養學系(012082),44,21,48%,
12,中國醫藥大學,物理治療學系(012092),28,18,64%,
12,中國醫藥大學,生物科技學系(012102),36,16,44%,
12,中國醫藥大學,運動醫學系(012112),25,10,40%,
12,中國醫藥大學,中國藥學暨中藥資源學系(012122),24,11,46%,
12,中國醫藥大學,藥用化妝品學系(012132),26,18,69%,
12,中國醫藥大學,生物醫學影像暨放射科學學系(012142),34,28,82%,
12,中國醫藥大學,公共衛生學院大一不分系(012152),93,64,69%,
12,中國醫藥大學,生物醫學工程學系(012162),28,20,71%,
13,國立陽明交通大學,電機工程學系甲組(電資國際組)(013012),8,8,100%,
13,國立陽明交通大學,電機工程學系乙組(電機工程組)(013022),113,113,100%,
13,國立陽明交通大學,電機工程學系丙組(醫學電資組)(013032),8,8,100%,
13,國立陽明交通大學,光電工程學系(013042),19,12,63%,
13,國立陽明交通大學,資訊工程學系(甲組)(013052),5,5,100%,
13,國立陽明交通大學,資訊工程學系(乙組)(013062),108,108,100%,
13,國立陽明交通大學,資訊工程學系(APCS組)(013072),5,5,100%,
13,國立陽明交通大學,奈米科學及工程學士學位學程甲組(主修半導體)(013082),16,16,100%,
13,國立陽明交通大學,奈米科學及工程學士學位學程乙組(主修奈米)(013092),17,17,100%,
13,國立陽明交通大學,材料科學與工程學系(013102),25,15,60%,
13,國立陽明交通大學,機械工程學系(013112),53,53,100%,
13,國立陽明交通大學,土木工程學系(甲組)(013122),19,16,84%,
13,國立陽明交通大學,土木工程學系(乙組)(013132),30,30,100%,
13,國立陽明交通大學,理學院科學學士學位學程(甲組)(013142),4,2,50%,
13,國立陽明交通大學,理學院科學學士學位學程(乙組)(013152),4,4,100%,
13,國立陽明交通大學,理學院科學學士學位學程(丙組)(013162),4,4,100%,
13,國立陽明交通大學,電子物理學系光電與奈米科學組(013172),13,13,100%,
13,國立陽明交通大學,電子物理學系電子物理組(013182),13,6,46%,
13,國立陽明交通大學,應用化學系(013192),23,9,39%,
13,國立陽明交通大學,應用數學系(013202),27,25,93%,
13,國立陽明交通大學,生物科技學系(甲組)(013212),34,34,100%,
13,國立陽明交通大學,生物科技學系(乙組)(013222),12,12,100%,
13,國立陽明交通大學,資訊管理與財務金融學系資訊管理組(013232),12,12,100%,
13,國立陽明交通大學,資訊管理與財務金融學系財務金融組(013242),12,12,100%,
13,國立陽明交通大學,管理科學系(013252),22,22,100%,
13,國立陽明交通大學,運輸與物流管理學系(013262),27,27,100%,
13,國立陽明交通大學,工業工程與管理學系(013272),28,28,100%,
13,國立陽明交通大學,外國語文學系(013282),28,17,61%,
13,國立陽明交通大學,傳播與科技學系(013292),19,10,53%,
13,國立陽明交通大學,人文社會學系(013302),21,7,33%,
13,國立陽明交通大學,屯蒙-電機資訊組(013312),25,25,100%,
13,國立陽明交通大學,屯蒙-工程組(013322),14,14,100%,
13,國立陽明交通大學,屯蒙-理學生物科技組(013332),13,10,77%,
13,國立陽明交通大學,屯蒙-管理組(013342),9,9,100%,
13,國立陽明交通大學,屯蒙-人文社會組(013352),6,6,100%,
13,國立陽明交通大學,屯蒙-醫學組(013362),2,2,100%,
13,國立陽明交通大學,屯蒙-牙醫組(013372),2,2,100%,
13,國立陽明交通大學,屯蒙-醫事證照組(013382),5,5,100%,
13,國立陽明交通大學,屯蒙-生醫科學組(013392),3,3,100%,
13,國立陽明交通大學,醫學系醫師組(013402),41,31,76%,
13,國立陽明交通大學,醫學系醫師科學家組(013412),10,10,100%,
13,國立陽明交通大學,醫學系醫師工程師組(013422),10,10,100%,
13,國立陽明交通大學,醫學系(公費生)(013432),10,6,60%,
13,國立陽明交通大學,牙醫學系(013442),18,13,72%,
13,國立陽明交通大學,醫學生物技術暨檢驗學系(013452),20,9,45%,
13,國立陽明交通大學,生物醫學影像暨放射科學系(013462),19,17,89%,
13,國立陽明交通大學,護理學系(013472),26,19,73%,
13,國立陽明交通大學,物理治療暨輔助科技學系(013482),12,12,100%,
13,國立陽明交通大學,生命科學系暨基因體科學研究所(生物醫學科學組)(013492),15,8,53%,
13,國立陽明交通大學,生命科學系暨基因體科學研究所(生醫光電與資訊組)(013502),5,5,100%,
13,國立陽明交通大學,生物醫學工程學系(013512),16,7,44%,
13,國立陽明交通大學,藥學系(013522),18,15,83%,
13,國立陽明交通大學,學士班大一大二不分系(013532),5,5,100%,
14,淡江大學,中國文學學系(014012),33,18,55%,
14,淡江大學,歷史學系(014022),37,11,30%,
14,淡江大學,資訊與圖書館學系(014032),60,47,78%,
14,淡江大學,大眾傳播學系(014042),64,21,33%,
14,淡江大學,資訊傳播學系(014052),35,23,66%,
14,淡江大學,教育科技學系(014062),64,64,100%,
14,淡江大學,教育與未來設計學系(014072),26,10,38%,
14,淡江大學,英文學系(014082),46,27,59%,
14,淡江大學,英文學系全英語學士班(014092),35,16,46%,
14,淡江大學,法國語文學系(014102),27,12,44%,
14,淡江大學,德國語文學系(014112),27,23,85%,
14,淡江大學,西班牙語文學系(014122),35,21,60%,
14,淡江大學,日本語文學系(014132),99,56,57%,
14,淡江大學,俄國語文學系(014142),34,20,59%,
14,淡江大學,財務金融學系(014152),93,41,44%,
14,淡江大學,財務金融學系全球財務管理全英語學士班(014162),36,16,44%,
14,淡江大學,產業經濟學系(014172),33,10,30%,
14,淡江大學,國際企業學系經貿管理組(014182),50,10,20%,
14,淡江大學,國際企業學系國際商學全英語組(014192),48,21,44%,
14,淡江大學,風險管理與保險學系(014202),58,17,29%,
14,淡江大學,經濟學系(014212),81,50,62%,
14,淡江大學,會計學系(014222),100,44,44%,
14,淡江大學,企業管理學系(014232),88,43,49%,
14,淡江大學,統計學系(014242),100,63,63%,
14,淡江大學,資訊管理學系(014252),60,33,55%,
14,淡江大學,運輸管理學系(014262),75,73,97%,
14,淡江大學,公共行政學系(014272),42,23,55%,
14,淡江大學,管理科學學系(014282),35,13,37%,
14,淡江大學,外交與國際關係學系全英語學士班(014292),34,24,71%,
14,淡江大學,國際觀光管理學系全英語學士班(014302),47,47,100%,
14,淡江大學,全球政治經濟學系全英語學士班(014312),40,15,38%,
14,淡江大學,理學院尖端材料科學學士學位學程(014322),11,5,45%,
14,淡江大學,數學學系數學組(014332),17,10,59%,
14,淡江大學,數學學系資料科學與數理統計組(014342),17,5,29%,
14,淡江大學,化學學系化學與生物化學組(014352),18,17,94%,
14,淡江大學,化學學系材料化學組(014362),12,6,50%,
14,淡江大學,物理學系光電物理組(014372),24,9,38%,
14,淡江大學,物理學系應用物理組(014382),22,15,68%,
14,淡江大學,建築學系(014392),31,23,74%,
14,淡江大學,土木工程學系(014402),62,51,82%,
14,淡江大學,資訊工程學系(014412),92,92,100%,
14,淡江大學,資訊工程學系全英語學士班(014422),34,9,26%,
14,淡江大學,機械與機電工程學系光機電整合組(014432),26,25,96%,
14,淡江大學,機械與機電工程學系精密機械組(014442),27,21,78%,
14,淡江大學,人工智慧學系(014452),95,95,100%,
14,淡江大學,電機工程學系電機資訊組(014462),69,69,100%,
14,淡江大學,電機工程學系電機通訊組(014472),34,24,71%,
14,淡江大學,電機工程學系電機與系統組(014482),37,33,89%,
14,淡江大學,化學工程與材料工程學系(014492),16,7,44%,
14,淡江大學,航空太空工程學系(014502),100,100,100%,
14,淡江大學,水資源及環境工程學系水資源工程組(014512),31,27,87%,
14,淡江大學,水資源及環境工程學系環境工程組(014522),24,18,75%,
14,淡江大學,資訊工程學系(APCS組)(014532),5,5,100%,
14,淡江大學,資訊工程學系全英語學士班(APCS組)(014542),3,0,0%,
14,淡江大學,電機工程學系電機資訊組(APCS組)(014552),3,3,100%,
14,淡江大學,人工智慧學系(APCS組)(014562),5,5,100%,
14,淡江大學,資訊管理學系(APCS組)(014572),3,3,100%,
14,淡江大學,法國語文學系(青年儲蓄帳戶組)(014582),1,0,0%,
14,淡江大學,建築學系(青年儲蓄帳戶組)(014592),1,0,0%,
15,逢甲大學,機械與電腦輔助工程學系(015012),60,55,92%,
15,逢甲大學,纖維與複合材料學系(015022),36,29,81%,
15,逢甲大學,工業工程與系統管理學系A組(015032),27,26,96%,
15,逢甲大學,工業工程與系統管理學系B組(015042),43,43,100%,
15,逢甲大學,化學工程學系(015052),64,49,77%,
15,逢甲大學,航太與系統工程學系(015062),74,74,100%,
15,逢甲大學,精密系統設計學士學位學程(015072),26,26,100%,
15,逢甲大學,應用數學系A組(015082),48,32,67%,
15,逢甲大學,應用數學系B組(015092),20,20,100%,
15,逢甲大學,材料科學與工程學系(015102),72,51,71%,
15,逢甲大學,環境工程與科學學系(015112),71,71,100%,
15,逢甲大學,光電科學與工程學系(015122),75,34,45%,
15,逢甲大學,會計學系(015132),82,55,67%,
15,逢甲大學,國際經營與貿易學系(015142),90,59,66%,
15,逢甲大學,國際企業管理全英語學士學位學程(015152),34,30,88%,
15,逢甲大學,財稅學系(015162),62,61,98%,
15,逢甲大學,合作經濟暨社會事業經營學系(015172),12,8,67%,
15,逢甲大學,統計學系商業大數據組(015182),35,24,69%,
15,逢甲大學,統計學系大數據分析與市場決策組(015192),35,29,83%,
15,逢甲大學,經濟學系(015202),68,48,71%,
15,逢甲大學,企業管理學系(015212),66,34,52%,
15,逢甲大學,行銷學系(015222),81,75,93%,
15,逢甲大學,中國文學系(015232),30,23,77%,
15,逢甲大學,外國語文學系(015242),58,17,29%,
15,逢甲大學,資訊工程學系(015252),99,79,80%,
15,逢甲大學,資訊工程學系(APCS組)(015262),5,5,100%,
15,逢甲大學,資訊工程學系(資安組)(015272),5,5,100%,
15,逢甲大學,電子工程學系(015282),78,60,77%,
15,逢甲大學,電機工程學系(015292),71,51,72%,
15,逢甲大學,自動控制工程學系(015302),80,71,89%,
15,逢甲大學,資訊電機學院學士班(015312),81,80,99%,
15,逢甲大學,通訊工程學系(015322),77,77,100%,
15,逢甲大學,土木工程學系(015332),60,52,87%,
15,逢甲大學,水利工程與資源保育學系(015342),61,61,100%,
15,逢甲大學,都市計畫與空間資訊學系(015352),68,64,94%,
15,逢甲大學,運輸與物流學系(015362),71,71,100%,
15,逢甲大學,土地管理學系(015372),69,69,100%,
15,逢甲大學,財務金融學系(015382),103,90,87%,
15,逢甲大學,風險管理與保險學系(015392),76,46,61%,
15,逢甲大學,財務工程與精算學士學位學程(015402),34,16,47%,
15,逢甲大學,建築專業學院學士班(015412),81,81,100%,
15,逢甲大學,澳洲墨爾本皇家理工大學商學與創新雙學士學位學程(015422),14,5,36%,
15,逢甲大學,澳洲昆士蘭大學商學雙學士學位學程(015432),9,7,78%,
15,逢甲大學,澳洲蒙納許大學資訊工程雙學士學位學程(015442),14,7,50%,
15,逢甲大學,美國普渡大學電機資訊雙學士學位學程(015452),12,8,67%,
15,逢甲大學,美國加州聖荷西州立大學商學大數據分析雙學士學位學程(015462),15,9,60%,
15,逢甲大學,美國加州聖荷西州立大學電機工程雙學士學位學程(015472),15,12,80%,
15,逢甲大學,美國加州舊金山州立大學資訊工程雙學士學位學程(015482),16,9,56%,
15,逢甲大學,人工智慧技術與應用學士學位學程(015492),35,35,100%,
16,國立中央大學,中國文學系(016012),21,17,81%,
16,國立中央大學,英美語文學系(016022),15,10,67%,
16,國立中央大學,法國語文學系(016032),14,14,100%,
16,國立中央大學,文學院學士班(016042),9,4,44%,
16,國立中央大學,數學系數學科學組(016052),17,12,71%,
16,國立中央大學,數學系計算與資料科學組(016062),17,6,35%,
16,國立中央大學,物理學系(016072),18,11,61%,
16,國立中央大學,化學學系(016082),17,16,94%,
16,國立中央大學,光電科學與工程學系(016092),18,18,100%,
16,國立中央大學,土木工程學系(016102),41,28,68%,
16,國立中央大學,機械工程學系先進材料與精密製造組(016112),22,18,82%,
16,國立中央大學,機械工程學系光機電工程組(016122),24,17,71%,
16,國立中央大學,機械工程學系設計與分析組(016132),24,24,100%,
16,國立中央大學,化學工程與材料工程學系(016142),24,20,83%,
16,國立中央大學,工學院學士班(016152),15,11,73%,
16,國立中央大學,企業管理學系(016162),49,30,61%,
16,國立中央大學,資訊管理學系(016172),34,28,82%,
16,國立中央大學,資訊管理學系（APCS組）(016182),3,3,100%,
16,國立中央大學,經濟學系(016192),21,17,81%,
16,國立中央大學,財務金融學系(016202),29,25,86%,
16,國立中央大學,電機工程學系(016212),55,50,91%,
16,國立中央大學,資訊工程學系(016222),53,43,81%,
16,國立中央大學,資訊工程學系（APCS組）(016232),3,2,67%,
16,國立中央大學,通訊工程學系(016242),22,11,50%,
16,國立中央大學,資訊電機學院學士班(016252),7,4,57%,
16,國立中央大學,大氣科學學系(016262),14,12,86%,
16,國立中央大學,太空科學與工程學系(016272),14,5,36%,
16,國立中央大學,地球科學學系(016282),34,24,71%,
16,國立中央大學,地球科學學院學士班(016292),8,5,63%,
16,國立中央大學,客家語文暨社會科學學系客家社會及政策組(016302),16,16,100%,
16,國立中央大學,客家語文暨社會科學學系客家語文及傳播組(016312),10,8,80%,
16,國立中央大學,生命科學系(016322),9,8,89%,
16,國立中央大學,生醫科學與工程學系(016332),18,12,67%,
16,國立中央大學,向日葵聯合招生甲組(電資)(016342),3,3,100%,
16,國立中央大學,向日葵聯合招生乙組(商管)(016352),5,5,100%,
16,國立中央大學,向日葵聯合招生丙組(理學)(016362),13,10,77%,
16,國立中央大學,向日葵聯合招生丁組(工程)(016372),10,10,100%,
16,國立中央大學,向日葵聯合招生戊組(人社)(016382),8,8,100%,
17,中國文化大學,哲學系(017012),21,10,48%,
17,中國文化大學,中國文學系中國文學組(017022),25,7,28%,
17,中國文化大學,中國文學系文藝創作組(017032),21,15,71%,
17,中國文化大學,史學系(017042),21,13,62%,
17,中國文化大學,日本語文學系(017052),48,15,31%,
17,中國文化大學,韓國語文學系(017062),50,41,82%,
17,中國文化大學,俄國語文學系(017072),22,8,36%,
17,中國文化大學,英國語文學系(語言文化組)(017082),12,5,42%,
17,中國文化大學,英國語文學系(商務應用組)(017092),13,1,8%,
17,中國文化大學,法國語文學系(017102),26,13,50%,
17,中國文化大學,全球商務學士學位學程(017112),25,8,32%,
17,中國文化大學,應用數學系(017122),25,16,64%,
17,中國文化大學,光電物理學系(017132),24,12,50%,
17,中國文化大學,化學系(017142),25,12,48%,
17,中國文化大學,地理學系(017152),25,15,60%,
17,中國文化大學,大氣科學系(017162),22,15,68%,
17,中國文化大學,地質學系(017172),24,8,33%,
17,中國文化大學,生命科學系(017182),24,11,46%,
17,中國文化大學,法律學系法學組(017192),50,24,48%,
17,中國文化大學,法律學系財經法律組(017202),51,28,55%,
17,中國文化大學,法律學系企業金融法制組(017212),19,17,89%,
17,中國文化大學,政治學系(017222),24,11,46%,
17,中國文化大學,經濟學系(017232),51,21,41%,
17,中國文化大學,勞動暨人力資源學系(017242),27,17,63%,
17,中國文化大學,社會福利學系(017252),48,12,25%,
17,中國文化大學,行政管理學系(017262),27,14,52%,
17,中國文化大學,園藝暨生物技術學系(017272),24,14,58%,
17,中國文化大學,動物科學系(017282),23,13,57%,
17,中國文化大學,森林暨自然保育學系(017292),25,14,56%,
17,中國文化大學,土地資源學系(017302),25,20,80%,
17,中國文化大學,生活應用科學系(017312),27,26,96%,
17,中國文化大學,保健營養學系(017322),23,4,17%,
17,中國文化大學,化學工程與材料工程學系(017332),51,38,75%,
17,中國文化大學,電機工程學系(017342),53,33,62%,
17,中國文化大學,機械工程學系(017352),46,18,39%,
17,中國文化大學,紡織工程學系(017362),28,11,39%,
17,中國文化大學,資訊工程學系(017372),62,37,60%,
17,中國文化大學,國際貿易學系(017382),54,30,56%,
17,中國文化大學,國際企業管理學系(017392),72,17,24%,
17,中國文化大學,會計學系(017402),56,14,25%,
17,中國文化大學,觀光事業學系(017412),49,38,78%,
17,中國文化大學,資訊管理學系(智慧商務科技組)(017422),38,34,89%,
17,中國文化大學,資訊管理學系(雲端服務暨巨量資料組)(017432),27,15,56%,
17,中國文化大學,財務金融學系金融行銷組(017442),28,15,54%,
17,中國文化大學,財務金融學系財務金融組(017452),31,11,35%,
17,中國文化大學,財務金融學系數位金融組(017462),24,15,63%,
17,中國文化大學,行銷學士學位學程(017472),24,23,96%,
17,中國文化大學,新聞學系(017482),42,28,67%,
17,中國文化大學,廣告學系(017492),58,30,52%,
17,中國文化大學,資訊傳播學系(017502),56,35,63%,
17,中國文化大學,大眾傳播學系(017512),60,21,35%,
17,中國文化大學,都市計劃與開發管理學系(017522),24,23,96%,
17,中國文化大學,建築及都市設計學系(017532),25,7,28%,
17,中國文化大學,景觀學系(017542),25,19,76%,
17,中國文化大學,教育學系(017552),24,5,21%,
17,中國文化大學,心理輔導學系(017562),26,18,69%,
17,中國文化大學,戲劇學系(017572),42,42,100%,
17,中國文化大學,中國戲劇學系(017582),45,24,53%,
17,中國文化大學,音樂學系A組(017592),21,19,90%,
17,中國文化大學,音樂學系B組(017602),6,6,100%,
17,中國文化大學,美術學系(017612),18,18,100%,
18,靜宜大學,英國語文學系(018012),40,13,33%,
18,靜宜大學,西班牙語文學系(018022),53,24,45%,
18,靜宜大學,日本語文學系(018032),57,31,54%,
18,靜宜大學,中國文學系(018042),54,26,48%,
18,靜宜大學,社會工作與兒童少年福利學系(018052),60,51,85%,
18,靜宜大學,台灣文學系(018062),38,14,37%,
18,靜宜大學,法律學系(018072),73,48,66%,
18,靜宜大學,生態人文學系(018082),42,25,60%,
18,靜宜大學,大眾傳播學系(018092),36,12,33%,
18,靜宜大學,財務工程學系(018102),60,60,100%,
18,靜宜大學,應用化學系(018112),67,60,90%,
18,靜宜大學,食品營養學系營養與保健組(018122),28,12,43%,
18,靜宜大學,食品營養學系食品與生物技術組(018132),24,17,71%,
18,靜宜大學,化菻~科學系(018142),65,40,62%,
18,靜宜大學,資料科學暨大數據分析與應用學系(018152),90,70,78%,
18,靜宜大學,企業管理學系(018162),84,52,62%,
18,靜宜大學,國際企業學系(018172),88,65,74%,
18,靜宜大學,會計學系(018182),86,53,62%,
18,靜宜大學,觀光事業學系(018192),80,47,59%,
18,靜宜大學,財務金融學系(018202),90,36,40%,
18,靜宜大學,資訊管理學系(018212),75,27,36%,
18,靜宜大學,資訊管理學系(APCS組)(018222),4,2,50%,
18,靜宜大學,資訊工程學系(018232),69,47,68%,
18,靜宜大學,資訊工程學系(APCS組)(018242),5,5,100%,
18,靜宜大學,資訊傳播工程學系(018252),71,33,46%,
18,靜宜大學,資訊傳播工程學系(APCS組)(018262),5,1,20%,
18,靜宜大學,寰宇管理學士學位學程(018272),28,28,100%,
18,靜宜大學,寰宇外語教育學士學位學程(018282),27,26,96%,
19,大同大學,機械與材料工程學系(019012),46,35,76%,
19,大同大學,化學工程與生物科技學系(019022),48,29,60%,
19,大同大學,工程學院學士班(019032),29,17,59%,
19,大同大學,電機工程學系(019042),69,69,100%,
19,大同大學,資訊工程學系(019052),70,44,63%,
19,大同大學,事業經營學系(019062),48,31,65%,
19,大同大學,資訊經營學系(019072),27,24,89%,
19,大同大學,應用外語學系(019082),22,18,82%,
19,大同大學,工業設計學系(019092),48,48,100%,
19,大同大學,媒體設計學系互動媒體設計組(019102),22,9,41%,
19,大同大學,媒體設計學系數位遊戲設計組(019112),27,25,93%,
19,大同大學,機械與材料工程學系(青年儲蓄帳戶組)(019122),1,0,0%,
20,輔仁大學,中國文學系(020012),54,37,69%,
20,輔仁大學,歷史學系(020022),50,36,72%,
20,輔仁大學,哲學系(020032),45,38,84%,
20,輔仁大學,景觀設計學系(020042),22,18,82%,
20,輔仁大學,影像傳播學系(020052),25,20,80%,
20,輔仁大學,新聞傳播學系(020062),28,24,86%,
20,輔仁大學,廣告傳播學系(020072),29,23,79%,
20,輔仁大學,圖書資訊學系(020082),39,25,64%,
20,輔仁大學,教育領導與科技發展學士學位學程(020092),20,15,75%,
20,輔仁大學,護理學系(020102),48,23,48%,
20,輔仁大學,護理學系(青年儲蓄帳戶組)(020112),1,0,0%,
20,輔仁大學,公共衛生學系(020122),26,22,85%,
20,輔仁大學,醫學系(020132),16,1,6%,
20,輔仁大學,醫學系(公費生)(020142),7,2,29%,
20,輔仁大學,臨床心理學系(020152),33,28,85%,
20,輔仁大學,職能治療學系(020162),32,18,56%,
20,輔仁大學,呼吸治療學系(020172),23,7,30%,
20,輔仁大學,數學系資訊數學組(020182),30,24,80%,
20,輔仁大學,數學系應用數學組(020192),26,15,58%,
20,輔仁大學,化學系(020202),59,38,64%,
20,輔仁大學,資訊工程學系(020212),53,27,51%,
20,輔仁大學,資訊工程學系(APCS組)(020222),5,2,40%,
20,輔仁大學,生命科學系(020232),64,45,70%,
20,輔仁大學,物理學系物理組(020242),20,11,55%,
20,輔仁大學,物理學系光電物理組(020252),35,23,66%,
20,輔仁大學,電機工程學系(020262),56,35,63%,
20,輔仁大學,電機工程學系(APCS組)(020272),5,5,100%,
20,輔仁大學,醫學資訊與創新應用學士學位學程(020282),33,33,100%,
20,輔仁大學,人工智慧與資訊安全學士學位學程(020292),17,10,59%,
20,輔仁大學,英國語文學系(020302),32,28,88%,
20,輔仁大學,法國語文學系(020312),35,28,80%,
20,輔仁大學,西班牙語文學系(020322),30,16,53%,
20,輔仁大學,日本語文學系(020332),66,66,100%,
20,輔仁大學,義大利語文學系(020342),34,34,100%,
20,輔仁大學,德語語文學系(020352),37,31,84%,
20,輔仁大學,織品服裝學系織品設計組(020362),39,30,77%,
20,輔仁大學,織品服裝學系服飾設計組(020372),31,26,84%,
20,輔仁大學,織品服裝學系織品服飾行銷組(020382),78,78,100%,
20,輔仁大學,餐旅管理學系(020392),74,35,47%,
20,輔仁大學,兒童與家庭學系(020402),38,38,100%,
20,輔仁大學,食品科學系(020412),32,23,72%,
20,輔仁大學,食品科學系(青年儲蓄帳戶組)(020422),1,0,0%,
20,輔仁大學,營養科學系(020432),30,19,63%,
20,輔仁大學,法律學系(020442),71,45,63%,
20,輔仁大學,財經法律學系(020452),33,25,76%,
20,輔仁大學,企業管理學系(020462),90,67,74%,
20,輔仁大學,企業管理學系(青年儲蓄帳戶組)(020472),3,0,0%,
20,輔仁大學,會計學系(020482),56,23,41%,
20,輔仁大學,資訊管理學系(020492),68,68,100%,
20,輔仁大學,資訊管理學系(APCS組)(020502),3,3,100%,
20,輔仁大學,資訊管理學系(青年儲蓄帳戶組)(020512),1,0,0%,
20,輔仁大學,統計資訊學系(020522),72,70,97%,
20,輔仁大學,金融與國際企業學系(020532),62,62,100%,
20,輔仁大學,社會學系(020542),35,21,60%,
20,輔仁大學,社會工作學系(020552),28,9,32%,
20,輔仁大學,經濟學系(020562),61,35,57%,
20,輔仁大學,宗教學系(020572),49,47,96%,
20,輔仁大學,心理學系(020582),31,27,87%,
20,輔仁大學,心理學系(青年儲蓄帳戶組)(020592),2,1,50%,
20,輔仁大學,天主教研修學士學位學程(020602),11,8,73%,
20,輔仁大學,音樂學系應用音樂組(020612),3,3,100%,
20,輔仁大學,音樂學系器樂組(020622),26,26,100%,
20,輔仁大學,音樂學系爵士音樂組(020632),3,3,100%,
20,輔仁大學,應用美術學系(020642),39,39,100%,
20,輔仁大學,體育學系體育學組(020652),23,23,100%,
20,輔仁大學,體育學系運動健康管理組(020662),37,37,100%,
21,國立臺灣海洋大學,商船學系(021012),57,57,100%,
21,國立臺灣海洋大學,航運管理學系(021022),49,49,100%,
21,國立臺灣海洋大學,運輸科學系A組(021032),24,14,58%,
21,國立臺灣海洋大學,運輸科學系B組(021042),24,13,54%,
21,國立臺灣海洋大學,輪機工程學系(021052),39,24,62%,
21,國立臺灣海洋大學,海洋觀光管理學士學位學程(021062),15,5,33%,
21,國立臺灣海洋大學,海洋觀光管理學士學位學程(青年儲蓄帳戶組)(021072),1,0,0%,
21,國立臺灣海洋大學,海洋經營管理學士學位學程(021082),12,8,67%,
21,國立臺灣海洋大學,食品科學系(021092),42,27,64%,
21,國立臺灣海洋大學,水產養殖學系(021102),40,28,70%,
21,國立臺灣海洋大學,生命科學暨生物科技學系(021112),19,9,47%,
21,國立臺灣海洋大學,海洋生物科技學士學位學程(021122),15,2,13%,
21,國立臺灣海洋大學,環境生物與漁業科學學系(021132),17,17,100%,
21,國立臺灣海洋大學,海洋環境資訊系(021142),29,16,55%,
21,國立臺灣海洋大學,機械與機電工程學系(021152),44,21,48%,
21,國立臺灣海洋大學,系統工程暨造船學系(021162),29,22,76%,
21,國立臺灣海洋大學,河海工程學系(021172),51,45,88%,
21,國立臺灣海洋大學,河海工程學系(青年儲蓄帳戶組)(021182),1,0,0%,
21,國立臺灣海洋大學,海洋工程科技學士學位學程(021192),14,12,86%,
21,國立臺灣海洋大學,海洋工程科技學士學位學程(青年儲蓄帳戶組)(021202),1,0,0%,
21,國立臺灣海洋大學,電機工程學系(021212),45,42,93%,
21,國立臺灣海洋大學,電機工程學系(青年儲蓄帳戶組)(021222),1,0,0%,
21,國立臺灣海洋大學,資訊工程學系(021232),45,44,98%,
21,國立臺灣海洋大學,資訊工程學系(APCS組)(021242),3,3,100%,
21,國立臺灣海洋大學,資訊工程學系(青年儲蓄帳戶組)(021252),1,0,0%,
21,國立臺灣海洋大學,通訊與導航工程學系(021262),23,23,100%,
21,國立臺灣海洋大學,光電與材料科技學系(021272),16,13,81%,
21,國立臺灣海洋大學,海洋文創設計產業學士學位學程(021282),17,9,53%,
21,國立臺灣海洋大學,海洋法政學士學位學程(021292),16,5,31%,
21,國立臺灣海洋大學,海洋法政學士學位學程(青年儲蓄帳戶組)(021302),1,0,0%,
22,國立高雄師範大學,國文學系(022012),35,26,74%,
22,國立高雄師範大學,英語學系(022022),29,15,52%,
22,國立高雄師範大學,地理學系(022032),16,6,38%,
22,國立高雄師範大學,數學系數學組(022042),18,11,61%,
22,國立高雄師範大學,數學系應用數學組(022052),16,4,25%,
22,國立高雄師範大學,化學系(022062),21,6,29%,
22,國立高雄師範大學,物理學系(022072),19,9,47%,
22,國立高雄師範大學,生物科技系(022082),19,13,68%,
22,國立高雄師範大學,教育學系(022092),14,14,100%,
22,國立高雄師範大學,特殊教育學系(022102),17,16,94%,
22,國立高雄師範大學,事業經營學系(022112),14,11,79%,
22,國立高雄師範大學,工業科技教育學系科技教育與訓練組(022122),9,9,100%,
22,國立高雄師範大學,工業科技教育學系能源與冷凍空調組(022132),7,7,100%,
22,國立高雄師範大學,工業設計學系(022142),15,7,47%,
22,國立高雄師範大學,電機工程學系(022152),18,8,44%,
22,國立高雄師範大學,電子工程學系(022162),21,14,67%,
22,國立高雄師範大學,軟體工程與管理學系(022172),11,5,45%,
22,國立高雄師範大學,軟體工程與管理學系(APCS組)(022182),3,3,100%,
22,國立高雄師範大學,軟體工程與管理學系(資安組)(022192),3,3,100%,
22,國立高雄師範大學,音樂學系(022202),27,25,93%,
22,國立高雄師範大學,美術學系(022212),17,17,100%,
22,國立高雄師範大學,視覺設計學系(022222),15,12,80%,
22,國立高雄師範大學,體育學系(022232),9,9,100%,
23,國立彰化師範大學,輔導與諮商學系學校輔導與諮商組(023012),16,9,56%,
23,國立彰化師範大學,輔導與諮商學系學校輔導與諮商組(公費生甲組)(023022),1,1,100%,
23,國立彰化師範大學,輔導與諮商學系學校輔導與諮商組(公費生乙組)(023032),1,1,100%,
23,國立彰化師範大學,輔導與諮商學系社區輔導與諮商組(023042),13,8,62%,
23,國立彰化師範大學,特殊教育學系(023052),28,26,93%,
23,國立彰化師範大學,特殊教育學系(公費生甲組)(023062),1,1,100%,
23,國立彰化師範大學,特殊教育學系(公費生乙組)(023072),1,1,100%,
23,國立彰化師範大學,數學系(023082),35,34,97%,
23,國立彰化師範大學,物理學系物理組(023092),20,12,60%,
23,國立彰化師範大學,物理學系光電組(023102),19,18,95%,
23,國立彰化師範大學,生物學系(023112),17,15,88%,
23,國立彰化師範大學,生物學系(公費生)(023122),1,1,100%,
23,國立彰化師範大學,化學系(023132),22,12,55%,
23,國立彰化師範大學,英語學系(023142),18,6,33%,
23,國立彰化師範大學,國文學系(023152),29,11,38%,
23,國立彰化師範大學,地理學系(023162),19,19,100%,
23,國立彰化師範大學,機電工程學系(023172),21,10,48%,
23,國立彰化師範大學,電機工程學系(023182),12,8,67%,
23,國立彰化師範大學,電子工程學系(023192),21,14,67%,
23,國立彰化師範大學,資訊工程學系(023202),11,8,73%,
23,國立彰化師範大學,資訊工程學系(APCS組)(023212),1,1,100%,
23,國立彰化師範大學,企業管理學系(023222),21,6,29%,
23,國立彰化師範大學,會計學系(023232),31,18,58%,
23,國立彰化師範大學,資訊管理學系資訊管理組(023242),11,11,100%,
23,國立彰化師範大學,資訊管理學系數位內容科技與管理組(023252),12,6,50%,
23,國立彰化師範大學,公共事務與公民教育學系公民教育組(023262),7,7,100%,
23,國立彰化師範大學,公共事務與公民教育學系公民教育組(公費生)(023272),1,1,100%,
23,國立彰化師範大學,公共事務與公民教育學系公共事務組(023282),7,2,29%,
23,國立彰化師範大學,揚鷹招生A組（教社）(023292),3,3,100%,
23,國立彰化師範大學,揚鷹招生B組（文）(023302),3,2,67%,
23,國立彰化師範大學,揚鷹招生C組（管理）(023312),3,3,100%,
23,國立彰化師範大學,揚鷹招生D組（理）(023322),4,3,75%,
23,國立彰化師範大學,揚鷹招生E組（工）(023332),8,8,100%,
23,國立彰化師範大學,美術學系(023342),18,14,78%,
23,國立彰化師範大學,運動學系（競技運動組）(023352),33,33,100%,
23,國立彰化師範大學,運動學系（運動健康組）(023362),6,6,100%,
26,中山醫學大學,醫學系(026012),70,70,100%,
26,中山醫學大學,牙醫學系(026022),29,8,28%,
26,中山醫學大學,物理治療學系(026032),15,3,20%,
26,中山醫學大學,職能治療學系(026042),19,7,37%,
26,中山醫學大學,語言治療與聽力學系語言治療組(026052),26,18,69%,
26,中山醫學大學,語言治療與聽力學系聽力組(026062),26,9,35%,
26,中山醫學大學,生物醫學科學學系(026072),48,48,100%,
26,中山醫學大學,視光學系(026082),33,20,61%,
26,中山醫學大學,醫學影像暨放射科學系(026092),39,25,64%,
26,中山醫學大學,心理學系(026102),26,6,23%,
26,中山醫學大學,營養學系(A組)(026112),22,17,77%,
26,中山醫學大學,營養學系(B組)(026122),10,10,100%,
26,中山醫學大學,職業安全衛生學系(026132),30,14,47%,
26,中山醫學大學,醫學應用化學系(026142),23,14,61%,
26,中山醫學大學,健康產業科技管理學系(026152),32,32,100%,
26,中山醫學大學,護理學系(026162),54,24,44%,
26,中山醫學大學,醫學檢驗暨生物技術學系(026172),40,16,40%,
26,中山醫學大學,應用外國語言學系(026182),26,19,73%,
26,中山醫學大學,公共衛生學系(A組)(026192),24,11,46%,
26,中山醫學大學,公共衛生學系(B組)(026202),10,10,100%,
26,中山醫學大學,醫學社會暨社會工作學系(026212),58,31,53%,
26,中山醫學大學,醫學資訊學系(026222),23,10,43%,
26,中山醫學大學,醫療產業科技管理學系(026232),19,14,74%,
27,國立中山大學,中國文學系(027012),15,3,20%,
27,國立中山大學,外國語文學系(027022),25,16,64%,
27,國立中山大學,劇場藝術學系(027032),34,0,0%,
27,國立中山大學,生物科學系(027042),10,4,40%,
27,國立中山大學,生物科學系英語組(027052),13,8,62%,
27,國立中山大學,化學系(027062),10,4,40%,
27,國立中山大學,化學系英語組(027072),10,10,100%,
27,國立中山大學,物理學系(027082),11,10,91%,
27,國立中山大學,物理學系量子科技組(全英)(027092),11,7,64%,
27,國立中山大學,應用數學系(027102),17,8,47%,
27,國立中山大學,應用數學系英語組(027112),16,9,56%,
27,國立中山大學,電機工程學系(027122),29,16,55%,
27,國立中山大學,電機工程學系全英語組(027132),28,19,68%,
27,國立中山大學,電機工程學系(APCS組)(027142),3,0,0%,
27,國立中山大學,機械與機電工程學系(027152),41,38,93%,
27,國立中山大學,機械與機電工程學系全英語組(027162),28,28,100%,
27,國立中山大學,資訊工程學系(027172),29,22,76%,
27,國立中山大學,資訊工程學系全英語學士班(027182),17,17,100%,
27,國立中山大學,光電工程學系(027192),13,8,62%,
27,國立中山大學,光電工程學系全英語組(027202),18,18,100%,
27,國立中山大學,材料與光電科學學系(027212),13,5,38%,
27,國立中山大學,材料與光電科學學系全英語組(027222),14,14,100%,
27,國立中山大學,企業管理學系(027232),39,30,77%,
27,國立中山大學,資訊管理學系(027242),26,17,65%,
27,國立中山大學,財務管理學系(027252),27,17,63%,
27,國立中山大學,國際經營管理全英語學士學位學程(027262),15,13,87%,
27,國立中山大學,海洋生物科技暨資源學系(027272),19,13,68%,
27,國立中山大學,海洋環境及工程學系(027282),24,16,67%,
27,國立中山大學,海洋科學系(027292),20,13,65%,
27,國立中山大學,政治經濟學系(027302),28,14,50%,
27,國立中山大學,社會學系(027312),15,6,40%,
27,國立中山大學,人文暨科技跨領域學士學位學程(027322),13,13,100%,
27,國立中山大學,西灣南星A組(文)(027332),2,0,0%,
27,國立中山大學,西灣南星B組(管)(027342),4,0,0%,
27,國立中山大學,西灣南星C組(理)(027352),4,2,50%,
27,國立中山大學,西灣南星D組(工)(027362),7,4,57%,
27,國立中山大學,西灣南星E組(海)(027372),4,1,25%,
27,國立中山大學,西灣南星F組(社)(027382),2,1,50%,
27,國立中山大學,西灣南星G組（西灣學院）(027392),1,0,0%,
27,國立中山大學,音樂學系(027402),24,10,42%,
27,國立中山大學,音樂學系創作與應用組(027412),6,4,67%,
28,國立臺北藝術大學,音樂與影像跨域學士學位學程(028012),5,5,100%,
28,國立臺北藝術大學,劇場設計學系(028022),18,0,0%,
28,國立臺北藝術大學,新媒體藝術學系(028032),13,13,100%,
30,長庚大學,醫學系(030012),55,26,47%,
30,長庚大學,醫學系(公費生)(030022),4,4,100%,
30,長庚大學,中醫學系(030032),29,20,69%,
30,長庚大學,護理學系(030042),49,49,100%,
30,長庚大學,醫學生物技術暨檢驗學系(030052),28,24,86%,
30,長庚大學,醫學影像暨放射科學系(030062),17,9,53%,
30,長庚大學,物理治療學系(030072),20,20,100%,
30,長庚大學,職能治療學系(030082),19,19,100%,
30,長庚大學,生物醫學系(030092),53,48,91%,
30,長庚大學,呼吸治療學系(030102),21,21,100%,
30,長庚大學,電機工程學系(030112),50,50,100%,
30,長庚大學,機械工程學系(030122),17,11,65%,
30,長庚大學,化工與材料工程學系(030132),27,27,100%,
30,長庚大學,電子工程學系(030142),34,30,88%,
30,長庚大學,資訊工程學系(030152),26,26,100%,
30,長庚大學,生物醫學工程學系(030162),16,10,63%,
30,長庚大學,人工智慧學系(030172),18,18,100%,
30,長庚大學,醫務管理學系(030182),27,18,67%,
30,長庚大學,工商管理學系(數智商務組)(030192),20,17,85%,
30,長庚大學,工商管理學系(工商創業組)(030202),20,18,90%,
30,長庚大學,工業設計學系(030212),20,17,85%,
30,長庚大學,資訊管理學系(甲組)(030222),13,8,62%,
30,長庚大學,資訊管理學系(乙組)(030232),14,13,93%,
30,長庚大學,數位金融科技學系(甲組)(030242),6,6,100%,
30,長庚大學,數位金融科技學系(乙組)(030252),13,10,77%,
31,國立臺中教育大學,教育學系(031012),23,12,52%,
31,國立臺中教育大學,特殊教育學系(031022),22,13,59%,
31,國立臺中教育大學,幼兒教育學系(031032),24,14,58%,
31,國立臺中教育大學,體育學系非運動專長組(031042),7,7,100%,
31,國立臺中教育大學,語文教育學系(031052),6,2,33%,
31,國立臺中教育大學,區域與社會發展學系(031062),14,5,36%,
31,國立臺中教育大學,諮商與應用心理學系(031072),20,10,50%,
31,國立臺中教育大學,臺灣語文學系(031082),21,14,67%,
31,國立臺中教育大學,英語學系(031092),17,3,18%,
31,國立臺中教育大學,英語學系(公費生)(031102),1,1,100%,
31,國立臺中教育大學,數學教育學系(031112),11,11,100%,
31,國立臺中教育大學,科學教育與應用學系(031122),23,12,52%,
31,國立臺中教育大學,資訊工程學系(031132),27,15,56%,
31,國立臺中教育大學,數位內容科技學系(031142),23,23,100%,
31,國立臺中教育大學,國際企業學系(031152),15,3,20%,
31,國立臺中教育大學,文化創意產業設計與營運學系(031162),12,5,42%,
31,國立臺中教育大學,音樂學系(031172),31,30,97%,
31,國立臺中教育大學,美術學系(031182),16,14,88%,
31,國立臺中教育大學,美術學系(公費生)(031192),1,1,100%,
31,國立臺中教育大學,體育學系運動專長組(031202),26,25,96%,
32,國立臺北教育大學,教育學系(032012),18,9,50%,
32,國立臺北教育大學,教育學系（芝山組）(032022),2,2,100%,
32,國立臺北教育大學,教育經營與管理學系(032032),19,10,53%,
32,國立臺北教育大學,教育經營與管理學系（芝山組）(032042),2,2,100%,
32,國立臺北教育大學,幼兒與家庭教育學系(032052),17,5,29%,
32,國立臺北教育大學,幼兒與家庭教育學系（芝山組）(032062),2,0,0%,
32,國立臺北教育大學,特殊教育學系(032072),18,13,72%,
32,國立臺北教育大學,特殊教育學系（芝山組）(032082),3,3,100%,
32,國立臺北教育大學,心理與諮商學系(032092),10,5,50%,
32,國立臺北教育大學,心理與諮商學系（芝山組）(032102),6,6,100%,
32,國立臺北教育大學,社會與區域發展學系(032112),30,14,47%,
32,國立臺北教育大學,社會與區域發展學系(青年儲蓄帳戶組)(032122),1,0,0%,
32,國立臺北教育大學,兒童英語教育學系(032132),25,13,52%,
32,國立臺北教育大學,兒童英語教育學系(公費生)(032142),1,1,100%,
32,國立臺北教育大學,語文與創作學系語文師資組(032152),16,7,44%,
32,國立臺北教育大學,語文與創作學系文學創作組(032162),18,12,67%,
32,國立臺北教育大學,文化創意產業經營學系(032172),20,17,85%,
32,國立臺北教育大學,文化創意產業經營學系(青年儲蓄帳戶組)(032182),2,0,0%,
32,國立臺北教育大學,數學暨資訊教育學系數學組(032192),14,13,93%,
32,國立臺北教育大學,數學暨資訊教育學系人工智慧與資訊教育組(032202),12,10,83%,
32,國立臺北教育大學,數學暨資訊教育學系人工智慧與資訊教育組(APCS組)(032212),2,2,100%,
32,國立臺北教育大學,自然科學教育學系(032222),28,24,86%,
32,國立臺北教育大學,自然科學教育學系（芝山組）(032232),2,2,100%,
32,國立臺北教育大學,自然科學教育學系(公費生)(032242),1,1,100%,
32,國立臺北教育大學,資訊科學系(032252),26,26,100%,
32,國立臺北教育大學,數位科技設計學系(032262),20,18,90%,
32,國立臺北教育大學,數位科技設計學系(APCS組)(032272),3,3,100%,
32,國立臺北教育大學,藝術與造形設計學系設計組(032282),22,8,36%,
32,國立臺北教育大學,藝術與造形設計學系藝術組(032292),22,17,77%,
32,國立臺北教育大學,體育學系(032302),10,10,100%,
32,國立臺北教育大學,體育學系（雙語教學組）(032312),8,8,100%,
33,國立臺南大學,教育學系(033012),47,35,74%,
33,國立臺南大學,教育學系(公費生甲組)(033022),1,1,100%,
33,國立臺南大學,教育學系(公費生乙組)(033032),1,1,100%,
33,國立臺南大學,教育學系(公費生丙組)(033042),1,1,100%,
33,國立臺南大學,諮商與輔導學系(033052),20,16,80%,
33,國立臺南大學,特殊教育學系(033062),17,9,53%,
33,國立臺南大學,特殊教育學系(青年儲蓄帳戶組)(033072),1,0,0%,
33,國立臺南大學,幼兒教育學系(033082),17,11,65%,
33,國立臺南大學,幼兒教育學系(公費生)(033092),1,1,100%,
33,國立臺南大學,文化與自然資源學系(033102),17,8,47%,
33,國立臺南大學,國語文學系(033112),39,21,54%,
33,國立臺南大學,英語學系(033122),14,3,21%,
33,國立臺南大學,英語學系(公費生)(033132),1,1,100%,
33,國立臺南大學,應用數學系(033142),17,3,18%,
33,國立臺南大學,數位學習科技學系(033152),26,20,77%,
33,國立臺南大學,數位學習科技學系(公費生甲組)(033162),1,1,100%,
33,國立臺南大學,數位學習科技學系(公費生乙組)(033172),1,1,100%,
33,國立臺南大學,材料科學系(033182),20,7,35%,
33,國立臺南大學,資訊工程學系(033192),17,7,41%,
33,國立臺南大學,資訊工程學系(APCS組)(033202),3,1,33%,
33,國立臺南大學,電機工程學系(033212),21,8,38%,
33,國立臺南大學,綠色能源科技學系(033222),22,10,45%,
33,國立臺南大學,生物科技學系(033232),15,3,20%,
33,國立臺南大學,生態暨環境資源學系(033242),17,12,71%,
33,國立臺南大學,戲劇創作與應用學系(033252),22,0,0%,
33,國立臺南大學,行政管理學系(033262),21,5,24%,
33,國立臺南大學,經營與管理學系(033272),13,8,62%,
33,國立臺南大學,音樂學系(033282),30,27,90%,
33,國立臺南大學,視覺藝術與設計學系(033292),25,25,100%,
33,國立臺南大學,體育學系(033302),14,14,100%,
34,國立東華大學,應用數學系數學科學組(034012),16,13,81%,
34,國立東華大學,應用數學系統計科學組(034022),17,14,82%,
34,國立東華大學,物理學系物理組(034032),17,17,100%,
34,國立東華大學,物理學系奈米與光電科學組(034042),13,13,100%,
34,國立東華大學,化學系(034052),26,18,69%,
34,國立東華大學,生命科學系(034062),20,11,55%,
34,國立東華大學,資訊工程學系資工組(034072),28,28,100%,
34,國立東華大學,資訊工程學系資工組(APCS組)(034082),3,3,100%,
34,國立東華大學,資訊工程學系資工組(資安組)(034092),4,4,100%,
34,國立東華大學,資訊工程學系國際組(034102),12,12,100%,
34,國立東華大學,資訊工程學系國際組(資安組)(034112),2,2,100%,
34,國立東華大學,電機工程學系智慧系統組(034122),22,21,95%,
34,國立東華大學,電機工程學系半導體工程組(034132),15,12,80%,
34,國立東華大學,材料科學與工程學系(034142),28,12,43%,
34,國立東華大學,光電工程學系(034152),24,14,58%,
34,國立東華大學,企業管理學系(034162),23,17,74%,
34,國立東華大學,會計學系(034172),26,19,73%,
34,國立東華大學,資訊管理學系人工智慧與大數據組(034182),13,13,100%,
34,國立東華大學,資訊管理學系智慧商務與知識管理組(034192),13,13,100%,
34,國立東華大學,資訊管理學系(APCS組)(034202),3,0,0%,
34,國立東華大學,國際企業學系(034212),24,13,54%,
34,國立東華大學,財務金融學系(034222),24,14,58%,
34,國立東華大學,觀光暨休閒遊憩學系(034232),22,18,82%,
34,國立東華大學,管理學院管理科學與財金國際學士學位學程(034242),7,7,100%,
34,國立東華大學,管理學院會計與資訊管理國際學士班智慧會計與風險管理組(034252),5,3,60%,
34,國立東華大學,管理學院會計與資訊管理國際學士班會計資訊與電腦稽核組(034262),5,5,100%,
34,國立東華大學,華文文學系(034272),19,13,68%,
34,國立東華大學,中國語文學系(034282),18,6,33%,
34,國立東華大學,英美語文學系(034292),17,9,53%,
34,國立東華大學,臺灣文化學系(034302),19,19,100%,
34,國立東華大學,歷史學系(034312),23,16,70%,
34,國立東華大學,經濟學系(034322),24,14,58%,
34,國立東華大學,諮商與臨床心理學系(034332),25,25,100%,
34,國立東華大學,社會學系(034342),15,14,93%,
34,國立東華大學,公共行政學系(034352),15,4,27%,
34,國立東華大學,法律學系(034362),13,11,85%,
34,國立東華大學,教育與潛能開發學系(034372),20,20,100%,
34,國立東華大學,教育行政與管理學系(034382),18,10,56%,
34,國立東華大學,特殊教育學系(034392),16,11,69%,
34,國立東華大學,幼兒教育學系(034402),15,15,100%,
34,國立東華大學,族群關係與文化學系(034412),13,8,62%,
34,國立東華大學,民族語言與傳播學系(034422),8,8,100%,
34,國立東華大學,自然資源與環境學系(034432),22,19,86%,
34,國立東華大學,縱谷跨域書院學士學位學程(034442),14,14,100%,
34,國立東華大學,音樂學系甲組(034452),4,3,75%,
34,國立東華大學,音樂學系乙組(034462),10,10,100%,
34,國立東華大學,藝術與設計學系(034472),21,21,100%,
34,國立東華大學,藝術創意產業學系(034482),24,24,100%,
34,國立東華大學,體育與運動科學系(034492),15,15,100%,
35,臺北市立大學,教育學系(035012),36,27,75%,
35,臺北市立大學,特殊教育學系(035022),20,7,35%,
35,臺北市立大學,幼兒教育學系(035032),44,44,100%,
35,臺北市立大學,心理與諮商學系(035042),17,12,71%,
35,臺北市立大學,學習與媒材設計學系(035052),18,11,61%,
35,臺北市立大學,中國語文學系(035062),28,17,61%,
35,臺北市立大學,英語教學系(035072),23,14,61%,
35,臺北市立大學,社會暨公共事務學系(035082),19,10,53%,
35,臺北市立大學,歷史與地理學系(035092),14,5,36%,
35,臺北市立大學,地球環境暨生物資源學系(035102),20,17,85%,
35,臺北市立大學,應用物理暨化學系電子物理組(035112),9,5,56%,
35,臺北市立大學,應用物理暨化學系應用化學組(035122),8,8,100%,
35,臺北市立大學,數學系(035132),18,13,72%,
35,臺北市立大學,資訊科學系(035142),24,12,50%,
35,臺北市立大學,資訊科學系(APCS組)(035152),3,1,33%,
35,臺北市立大學,資訊科學系(公費生)(035162),2,0,0%,
35,臺北市立大學,城市發展學系(035172),14,12,86%,
35,臺北市立大學,都會產業經營與行銷學系(035182),14,7,50%,
35,臺北市立大學,衛生福利學系(035192),13,7,54%,
35,臺北市立大學,音樂學系(035202),42,40,95%,
35,臺北市立大學,視覺藝術學系(035212),18,18,100%,
35,臺北市立大學,體育學系(035222),12,12,100%,
35,臺北市立大學,休閒運動管理學系(035232),28,28,100%,
35,臺北市立大學,運動健康科學系(035242),25,25,100%,
36,國立屏東大學,教育學系(036012),40,27,68%,
36,國立屏東大學,幼兒教育學系(036022),38,38,100%,
36,國立屏東大學,特殊教育學系(036032),32,32,100%,
36,國立屏東大學,教育心理與輔導學系(036042),16,4,25%,
36,國立屏東大學,中國語文學系(036052),25,16,64%,
36,國立屏東大學,文化創意產業學系(036062),21,16,76%,
36,國立屏東大學,社會發展學系(036072),21,4,19%,
36,國立屏東大學,英語學系(036082),15,9,60%,
36,國立屏東大學,應用英語學系(036092),2,2,100%,
36,國立屏東大學,應用日語學系(036102),7,7,100%,
36,國立屏東大學,視覺藝術學系數位媒體設計組(036112),7,7,100%,
36,國立屏東大學,商業自動化與管理學系(036122),10,10,100%,
36,國立屏東大學,行銷與流通管理學系(036132),10,10,100%,
36,國立屏東大學,休閒事業經營學系(036142),8,8,100%,
36,國立屏東大學,不動產經營學系(036152),11,11,100%,
36,國立屏東大學,企業管理學系(036162),12,12,100%,
36,國立屏東大學,國際經營與貿易學系(036172),12,5,42%,
36,國立屏東大學,財務金融學系(036182),17,4,24%,
36,國立屏東大學,會計學系(036192),37,17,46%,
36,國立屏東大學,大數據商務應用學士學位學程(036202),26,20,77%,
36,國立屏東大學,應用化學系(036212),28,21,75%,
36,國立屏東大學,應用數學系(036222),26,14,54%,
36,國立屏東大學,應用物理系半導體組(036232),15,9,60%,
36,國立屏東大學,應用物理系光電暨材料組(036242),20,16,80%,
36,國立屏東大學,科學傳播學系(036252),24,22,92%,
36,國立屏東大學,電腦科學與人工智慧學系(036262),24,24,100%,
36,國立屏東大學,智慧機器人學系(036272),13,12,92%,
36,國立屏東大學,資訊工程學系(036282),8,8,100%,
36,國立屏東大學,電腦與通訊學系(036292),4,4,100%,
36,國立屏東大學,資訊管理學系(036302),3,3,100%,
36,國立屏東大學,音樂學系(036312),17,13,76%,
36,國立屏東大學,視覺藝術學系美術組(036322),7,7,100%,
36,國立屏東大學,體育學系(036332),15,15,100%,
38,國立臺東大學,全校不分系學士學位學程(038012),11,11,100%,
38,國立臺東大學,教育學系(038022),31,23,74%,
38,國立臺東大學,幼兒教育學系(038032),29,24,83%,
38,國立臺東大學,特殊教育學系(038042),30,19,63%,
38,國立臺東大學,文化資源與休閒產業學系(038052),30,30,100%,
38,國立臺東大學,數位媒體與文教產業學系(038062),28,19,68%,
38,國立臺東大學,公共與文化事務學系(038072),27,20,74%,
38,國立臺東大學,身心整合與運動休閒產業學系(038082),21,19,90%,
38,國立臺東大學,英美語文學系(038092),27,21,78%,
38,國立臺東大學,華語文學系(038102),28,10,36%,
38,國立臺東大學,生命科學系(038112),29,19,66%,
38,國立臺東大學,資訊工程學系(038122),50,42,84%,
38,國立臺東大學,資訊管理學系(038132),24,9,38%,
38,國立臺東大學,應用數學系(038142),28,25,89%,
38,國立臺東大學,應用科學系化學及奈米科學組(038152),27,21,78%,
38,國立臺東大學,應用科學系應用物理組(038162),26,25,96%,
38,國立臺東大學,綠色與資訊科技學士學位學程(038172),19,19,100%,
38,國立臺東大學,音樂學系〈A組〉(038182),7,5,71%,
38,國立臺東大學,音樂學系〈B組〉(038192),7,7,100%,
38,國立臺東大學,美術產業學系(038202),24,24,100%,
38,國立臺東大學,體育學系(038212),22,22,100%,
39,國立體育大學,運動保健學系(039012),21,19,90%,
39,國立體育大學,運動保健學系(青年儲蓄帳戶組)(039022),1,0,0%,
39,國立體育大學,休閒產業經營學系(039032),15,14,93%,
39,國立體育大學,體育推廣學系(一般組)(039042),13,6,46%,
39,國立體育大學,體育推廣學系(拔河組)(039052),5,0,0%,
39,國立體育大學,體育推廣學系(女子啦啦舞組)(039062),6,6,100%,
39,國立體育大學,適應體育學系(圍棋組)(039072),5,2,40%,
39,國立體育大學,適應體育學系(一般組)(039082),15,15,100%,
40,元智大學,管理學院學士班(主修：數位行銷與人力資源)(040012),60,44,73%,
40,元智大學,管理學院學士班(主修：財務金融)(040022),60,46,77%,
40,元智大學,管理學院學士班(主修：國際企業管理)(040032),59,44,75%,
40,元智大學,管理學院學士班(主修：會計)(040042),40,36,90%,
40,元智大學,管理學院學士班(英語專班)(040052),38,22,58%,
40,元智大學,應用外語學系(040062),27,15,56%,
40,元智大學,中國語文學系(040072),30,20,67%,
40,元智大學,社會暨政策科學學系(040082),33,19,58%,
40,元智大學,人文社會學院英語學士班(040092),15,13,87%,
40,元智大學,資訊工程學系(040102),83,62,75%,
40,元智大學,資訊工程學系(APCS組)(040112),3,3,100%,
40,元智大學,資訊管理學系(040122),65,65,100%,
40,元智大學,資訊傳播學系科技組(040132),26,22,85%,
40,元智大學,資訊傳播學系設計組（創作組）(040142),32,19,59%,
40,元智大學,資訊學院英語學士班(040152),16,13,81%,
40,元智大學,機械工程學系(040162),61,30,49%,
40,元智大學,化學工程與材料科學學系(040172),67,32,48%,
40,元智大學,工業工程與管理學系(040182),73,73,100%,
40,元智大學,工程學院英語學士班(040192),15,13,87%,
40,元智大學,電機工程學系(甲組)(040202),77,53,69%,
40,元智大學,電機工程學系(甲組)(APCS組)(040212),2,2,100%,
40,元智大學,電機工程學系(乙組)(040222),66,66,100%,
40,元智大學,電機工程學系(乙組)(APCS組)(040232),3,2,67%,
40,元智大學,電機工程學系(丙組)(040242),39,26,67%,
40,元智大學,電機通訊學院英語學士班(040252),11,10,91%,
40,元智大學,電機通訊學院英語學士班(APCS組)(040262),2,0,0%,
40,元智大學,藝術與設計學系(040272),30,30,100%,
40,元智大學,資訊傳播學系設計組（美術組）(040282),4,4,100%,
41,國立中正大學,中國文學系(041012),18,8,44%,
41,國立中正大學,外國語文學系(041022),16,8,50%,
41,國立中正大學,歷史學系(041032),16,13,81%,
41,國立中正大學,哲學系(041042),23,19,83%,
41,國立中正大學,數學系(041052),19,19,100%,
41,國立中正大學,地球與環境科學系(041062),24,22,92%,
41,國立中正大學,物理學系(041072),30,30,100%,
41,國立中正大學,化學暨生物化學系(041082),19,12,63%,
41,國立中正大學,生物醫學科學系(041092),15,8,53%,
41,國立中正大學,社會福利學系(041102),20,13,65%,
41,國立中正大學,心理學系(041112),21,10,48%,
41,國立中正大學,勞工關係學系(041122),21,11,52%,
41,國立中正大學,政治學系(041132),23,18,78%,
41,國立中正大學,傳播學系(041142),23,21,91%,
41,國立中正大學,資訊工程學系(041152),55,20,36%,
41,國立中正大學,電機工程學系(041162),48,33,69%,
41,國立中正大學,機械工程學系機械工程組(041172),33,22,67%,
41,國立中正大學,機械工程學系光機電整合工程組(041182),15,10,67%,
41,國立中正大學,化學工程學系(041192),17,4,24%,
41,國立中正大學,通訊工程學系(041202),27,27,100%,
41,國立中正大學,經濟學系(041212),36,34,94%,
41,國立中正大學,財務金融學系(041222),30,16,53%,
41,國立中正大學,企業管理學系(041232),43,32,74%,
41,國立中正大學,會計與資訊科技學系(041242),24,13,54%,
41,國立中正大學,資訊管理學系(041252),12,12,100%,
41,國立中正大學,資訊管理學系(APCS組)(041262),3,2,67%,
41,國立中正大學,法律學系法學組(041272),15,10,67%,
41,國立中正大學,法律學系法制組(041282),13,8,62%,
41,國立中正大學,財經法律學系(041292),18,10,56%,
41,國立中正大學,成人及繼續教育學系(041302),14,14,100%,
41,國立中正大學,犯罪防治學系(041312),13,5,38%,
41,國立中正大學,紫荊不分系學士學位學程(041322),24,24,100%,
41,國立中正大學,嘉星招生甲組(工)(041332),13,7,54%,
41,國立中正大學,嘉星招生乙組(管)(041342),13,13,100%,
41,國立中正大學,嘉星招生丙組(法)(041352),5,5,100%,
41,國立中正大學,嘉星招生丁組(文)(041362),10,10,100%,
41,國立中正大學,嘉星招生戊組(理)(041372),7,4,57%,
41,國立中正大學,嘉星招生己組(社)(041382),5,5,100%,
41,國立中正大學,嘉星招生庚組(教)(041392),3,3,100%,
41,國立中正大學,嘉星招生辛組(心)(041402),1,1,100%,
42,大葉大學,機械與自動化工程學系(車輛科技與綠色能源組)(042012),9,5,56%,
42,大葉大學,機械與自動化工程學系(智慧製造與系統應用組)(042022),10,3,30%,
42,大葉大學,機械與自動化工程學系(機電控制與自動化組)(042032),10,1,10%,
42,大葉大學,機械與自動化工程學系(風力發電技術應用組)(042042),5,0,0%,
42,大葉大學,電機工程學系(半導體組)(042052),12,5,42%,
42,大葉大學,電機工程學系(智慧系統組)(042062),12,3,25%,
42,大葉大學,資訊工程學系(資訊工程組)(042072),14,6,43%,
42,大葉大學,資訊工程學系(資訊應用組)(042082),11,3,27%,
42,大葉大學,環境工程學系(環保技術組)(042092),9,1,11%,
42,大葉大學,環境工程學系(環境管理組)(042102),10,1,10%,
42,大葉大學,消防安全學士學位學程(消防科技組)(042112),10,3,30%,
42,大葉大學,消防安全學士學位學程(消防管理組)(042122),11,1,9%,
42,大葉大學,企業管理學系(經營管理組)(042132),11,2,18%,
42,大葉大學,企業管理學系(數位行銷組)(042142),10,1,10%,
42,大葉大學,資訊管理學系(數位經營組)(042152),10,1,10%,
42,大葉大學,資訊管理學系(系統管理組)(042162),10,3,30%,
42,大葉大學,會計資訊學系(會計管理組)(042172),13,4,31%,
42,大葉大學,會計資訊學系(投資理財組）(042182),10,4,40%,
42,大葉大學,財務金融學系(銀行專業組)(042192),9,1,11%,
42,大葉大學,財務金融學系(投資管理組)(042202),9,6,67%,
42,大葉大學,財務金融學系(公司財務組)(042212),7,5,71%,
42,大葉大學,英語學系(042222),6,6,100%,
42,大葉大學,應用日語學系(商務貿易組)(042232),9,3,33%,
42,大葉大學,應用日語學系(文化事業組)(042242),9,3,33%,
42,大葉大學,應用日語學系(企業應用組)(042252),10,5,50%,
42,大葉大學,生物醫學系(生物醫藥組)(042262),21,7,33%,
42,大葉大學,生物醫學系(檢驗醫學組)(042272),12,6,50%,
42,大葉大學,藥用植物與食品保健學系(中藥保健組)(042282),17,6,35%,
42,大葉大學,藥用植物與食品保健學系(食品科學組)(042292),14,5,36%,
42,大葉大學,觀光旅遊學系(042302),20,4,20%,
42,大葉大學,餐旅管理學系(042312),11,1,9%,
42,大葉大學,休閒事業管理學系(042322),9,3,33%,
42,大葉大學,烘焙暨飲料調製學士學位學程(042332),17,4,24%,
42,大葉大學,護理學系(042342),76,30,39%,
42,大葉大學,視光學系(042352),26,8,31%,
42,大葉大學,醫學工程學系(042362),10,4,40%,
42,大葉大學,醫學工程學系(智慧醫療組)(042372),12,4,33%,
42,大葉大學,職能治療學系(042382),29,21,72%,
42,大葉大學,工業設計學系(042392),17,7,41%,
42,大葉大學,傳播藝術學士學位學程(042402),19,6,32%,
42,大葉大學,造形藝術學系(工藝文創組)(042412),12,2,17%,
42,大葉大學,造形藝術學系(藝術創作組)(042422),12,4,33%,
42,大葉大學,多媒體數位內容學士學位學程(動畫與影視特效組)(042432),26,24,92%,
42,大葉大學,多媒體數位內容學士學位學程(遊戲與互動設計組)(042442),23,19,83%,
42,大葉大學,多媒體數位內容學士學位學程(動漫美術與模型製作組)(042452),18,18,100%,
42,大葉大學,視覺傳達設計學系(視覺設計組)(042462),25,6,24%,
42,大葉大學,視覺傳達設計學系(動態媒體組)(042472),13,5,38%,
42,大葉大學,空間設計學系建築組(042482),29,19,66%,
42,大葉大學,空間設計學系室內設計組(042492),26,22,85%,
42,大葉大學,運動健康管理學系(042502),27,27,100%,
43,中華大學,電機工程學系(043012),63,42,67%,
43,中華大學,資訊工程學系(資訊工程組)(043022),25,15,60%,
43,中華大學,資訊工程學系(資訊應用組)(043032),25,10,40%,
43,中華大學,資訊工程學系(人工智慧組)(043042),24,15,63%,
43,中華大學,機械工程學系(智慧自動化組)(043052),11,5,45%,
43,中華大學,機械工程學系(智慧機械組)(043062),11,4,36%,
43,中華大學,機械工程學系(航空技術組)(043072),12,6,50%,
43,中華大學,光電與材料工程學系（人工智慧應用組）(043082),15,4,27%,
43,中華大學,光電與材料工程學系（生醫光電組）(043092),11,5,45%,
43,中華大學,光電與材料工程學系（半導體組）(043102),14,9,64%,
43,中華大學,工業管理學系（半導體產業組）(043112),21,14,67%,
43,中華大學,工業管理學系（智能應用組）(043122),18,12,67%,
43,中華大學,資訊管理學系（資訊系統設計組）(043132),9,4,44%,
43,中華大學,資訊管理學系（資訊管理應用組）(043142),12,10,83%,
43,中華大學,資訊管理學系（智慧商務組）(043152),9,5,56%,
43,中華大學,資訊管理學系（人工智慧與大數據應用組）(043162),12,11,92%,
43,中華大學,企業管理學系企業管理組(043172),20,10,50%,
43,中華大學,企業管理學系智慧運輸與物流組(043182),20,2,10%,
43,中華大學,財務管理學系財務金融管理組(043192),12,9,75%,
43,中華大學,財務管理學系金融資訊管理組(043202),12,2,17%,
43,中華大學,財務管理學系會計資訊與稅務組(043212),12,3,25%,
43,中華大學,建築與都市計畫學系（第一類組）(043222),20,9,45%,
43,中華大學,建築與都市計畫學系（第二類組）(043232),17,12,71%,
43,中華大學,景觀建築學系景觀設計組(043242),12,5,42%,
43,中華大學,景觀建築學系產品設計組(043252),12,1,8%,
43,中華大學,土木工程學系(043262),33,4,12%,
43,中華大學,行政管理學系(043272),26,12,46%,
43,中華大學,應用日語學系（商務觀光組）(043282),18,10,56%,
43,中華大學,應用日語學系（語文翻譯組）(043292),17,9,53%,
43,中華大學,觀光學院學士班(智慧旅館餐飲管理組)(043302),17,4,24%,
43,中華大學,觀光學院學士班(智慧會展活動管理組)(043312),18,1,6%,
43,中華大學,觀光學院學士班(智慧觀光旅遊組)(043322),17,0,0%,
43,中華大學,英國西英格蘭大學企業管理雙學士學位學程(043332),6,1,17%,
43,中華大學,美國舊金山州立大學資訊管理與決策科學學士學位學程(043342),3,0,0%,
43,中華大學,國際觀光與酒店管理雙學士學位學程(043352),2,2,100%,
44,華梵大學,智慧生活科技學系大數據與管理組(044012),11,1,9%,
44,華梵大學,智慧生活科技學系大數據與管理組(青年儲蓄帳戶組)(044022),1,0,0%,
44,華梵大學,智慧生活科技學系智慧產品開發組(044032),11,3,27%,
44,華梵大學,智慧生活科技學系智慧產品開發組(青年儲蓄帳戶組)(044042),1,0,0%,
44,華梵大學,智慧生活設計學系空間設計組(044052),15,4,27%,
44,華梵大學,智慧生活設計學系創意產品與汽車設計組(044062),10,2,20%,
44,華梵大學,攝影與VR設計學系攝影與科技藝術組(044072),15,5,33%,
44,華梵大學,攝影與VR設計學系VR與互動媒體組(044082),10,5,50%,
44,華梵大學,佛教藝術學系佛學組(044092),2,1,50%,
44,華梵大學,佛教藝術學系藝術組(044102),2,0,0%,
44,華梵大學,美術與文創學系文創設計組(044112),15,6,40%,
44,華梵大學,美術與文創學系美術創作組(044122),15,13,87%,
45,義守大學,電機工程學系(045012),95,51,54%,
45,義守大學,電子工程學系(045022),56,24,43%,
45,義守大學,資訊工程學系資訊工程組(045032),62,44,71%,
45,義守大學,資訊工程學系資訊應用組(045042),26,20,77%,
45,義守大學,資訊工程學系(APCS組)(045052),5,4,80%,
45,義守大學,資訊工程學系(資安組)(045062),5,1,20%,
45,義守大學,智慧網路科技學系智慧軟體應用組(045072),23,9,39%,
45,義守大學,智慧網路科技學系智慧網通科技組(045082),10,10,100%,
45,義守大學,機械與自動化工程學系(045092),40,32,80%,
45,義守大學,化學工程學系(045102),55,25,45%,
45,義守大學,土木工程學系(045112),35,18,51%,
45,義守大學,材料科學與工程學系(045122),60,54,90%,
45,義守大學,資料科學與大數據分析學系(045132),33,19,58%,
45,義守大學,生物醫學工程學系(045142),59,32,54%,
45,義守大學,智慧科技英語學士學位學程(045152),8,4,50%,
45,義守大學,半導體學士學位學程(045162),27,22,81%,
45,義守大學,工業管理學系(045172),34,11,32%,
45,義守大學,資訊管理學系(045182),55,26,47%,
45,義守大學,企業管理學系(045192),40,19,48%,
45,義守大學,財務金融管理學系(045202),49,29,59%,
45,義守大學,會計學系財稅規劃組(045212),18,15,83%,
45,義守大學,會計學系管理應用組(045222),19,8,42%,
45,義守大學,國際商務學系(045232),37,22,59%,
45,義守大學,公共政策與管理學系(045242),29,9,31%,
45,義守大學,醫務管理學系(045252),56,22,39%,
45,義守大學,健康管理學系(045262),31,18,58%,
45,義守大學,餐旅管理學系(045272),26,19,73%,
45,義守大學,運動科技與休閒管理學系(045282),20,6,30%,
45,義守大學,觀光智慧服務與科技學系(045292),28,4,14%,
45,義守大學,廚藝暨美食學學系(045302),25,16,64%,
45,義守大學,國際企業經營英語學士學位學程(國際學院)(045312),7,0,0%,
45,義守大學,財務與商業分析英語學士學位學程(國際學院)(045322),8,3,38%,
45,義守大學,智慧觀光餐旅管理英語學士學位學程(國際學院)(045332),8,2,25%,
45,義守大學,國際傳媒與娛樂管理學系（國際學院）(045342),7,0,0%,
45,義守大學,國際溝通暨應用英語學系(045352),30,7,23%,
45,義守大學,應用日語學系(045362),25,18,72%,
45,義守大學,大眾傳播學系(045372),32,21,66%,
45,義守大學,創意整合設計學系(045382),26,19,73%,
45,義守大學,電影與電視學系(045392),27,10,37%,
45,義守大學,新媒體設計學系(045402),21,12,57%,
45,義守大學,醫學科學與生物科技學系醫藥組(045412),15,12,80%,
45,義守大學,醫學科學與生物科技學系生技組(045422),21,12,57%,
45,義守大學,營養學系(045432),29,21,72%,
45,義守大學,護理學系(045442),45,11,24%,
45,義守大學,醫學影像暨放射科學系(045452),53,38,72%,
45,義守大學,物理治療學系(045462),40,32,80%,
45,義守大學,職能治療學系(045472),48,20,42%,
45,義守大學,醫學檢驗技術學系(045482),47,27,57%,
45,義守大學,精準醫學暨健康科技學士學位學程(045492),27,5,19%,
45,義守大學,醫學系(公費生)(045502),14,7,50%,
46,銘傳大學,企業管理學系品牌行銷組（臺北校區）(046012),46,33,72%,
46,銘傳大學,企業管理學系企業管理組（臺北校區）(046022),39,10,26%,
46,銘傳大學,企業管理學系數位經營組（臺北校區）(046032),33,30,91%,
46,銘傳大學,會計學系會計審計組（臺北校區）(046042),62,39,63%,
46,銘傳大學,會計學系稅務規劃組（臺北校區）(046052),63,35,56%,
46,銘傳大學,財務金融學系（臺北校區）(046062),109,84,77%,
46,銘傳大學,風險管理與保險學系保險金融與行銷組（臺北校區）(046072),55,29,53%,
46,銘傳大學,風險管理與保險學系風險管理組（臺北校區）(046082),28,8,29%,
46,銘傳大學,國際企業學系跨境電商經營組（臺北校區）(046092),55,55,100%,
46,銘傳大學,國際企業學系外貿行銷管理組（臺北校區）(046102),56,41,73%,
46,銘傳大學,新媒體暨傳播管理學系（臺北校區）(046112),34,18,53%,
46,銘傳大學,廣播電視學系（臺北校區）(046122),37,21,57%,
46,銘傳大學,廣告暨策略行銷學系（臺北校區）(046132),36,2,6%,
46,銘傳大學,新聞學系（臺北校區）(046142),22,0,0%,
46,銘傳大學,法律學系（臺北校區）(046152),61,25,41%,
46,銘傳大學,財金法律學系（臺北校區）(046162),31,11,35%,
46,銘傳大學,國際企業與貿易學士學位學程（全英語授課．臺北校區）(046172),24,24,100%,
46,銘傳大學,新聞與大眾傳播學士學位學程（全英語授課．臺北校區）(046182),15,10,67%,
46,銘傳大學,時尚與創新管理學士學位學程（全英語授課．臺北校區）(046192),15,9,60%,
46,銘傳大學,國際事務與外交學士學位學程（全英語授課．桃園校區）(046202),20,9,45%,
46,銘傳大學,資訊科技應用與管理學士學位學程（全英語授課．桃園校區）(046212),12,6,50%,
46,銘傳大學,應用中國文學系（桃園校區）(046222),37,13,35%,
46,銘傳大學,應用英語學系（桃園校區）(046232),37,15,41%,
46,銘傳大學,應用日語學系（桃園校區）(046242),75,62,83%,
46,銘傳大學,華語文教學學系（桃園校區）(046252),38,20,53%,
46,銘傳大學,商業設計學系（桃園校區）(046262),62,42,68%,
46,銘傳大學,商品設計學系（桃園校區）(046272),75,36,48%,
46,銘傳大學,數位媒體設計學系（桃園校區）(046282),66,49,74%,
46,銘傳大學,建築學系（桃園校區）(046292),34,27,79%,
46,銘傳大學,都市規劃與防災學系（桃園校區）(046302),32,8,25%,
46,銘傳大學,動漫文創設計學士學位學程（桃園校區）(046312),24,13,54%,
46,銘傳大學,觀光事業學系（桃園校區）(046322),41,38,93%,
46,銘傳大學,休閒遊憩管理學系（桃園校區）(046332),37,29,78%,
46,銘傳大學,餐旅管理學系（桃園校區）(046342),35,35,100%,
46,銘傳大學,犯罪防治學系（桃園校區）(046352),74,43,58%,
46,銘傳大學,公共事務與行政管理學系（桃園校區）(046362),36,12,33%,
46,銘傳大學,諮商臨床與工商心理學系（桃園校區）(046372),61,34,56%,
46,銘傳大學,應用統計與資料科學學系應用統計組（桃園校區）(046382),16,11,69%,
46,銘傳大學,應用統計與資料科學學系大數據管理組（桃園校區）(046392),22,12,55%,
46,銘傳大學,經濟與金融學系金融理財組（桃園校區）(046402),19,6,32%,
46,銘傳大學,經濟與金融學系產業經濟組（桃園校區）(046412),19,8,42%,
46,銘傳大學,金融科技應用學士學位學程（桃園校區）(046422),33,21,64%,
46,銘傳大學,資訊管理學系人工智慧應用組（桃園校區）(046432),36,36,100%,
46,銘傳大學,資訊管理學系巨量資料管理組（桃園校區）(046442),36,36,100%,
46,銘傳大學,資訊管理學系電子商務管理組（桃園校區）(046452),37,37,100%,
46,銘傳大學,人工智慧應用學系（桃園校區）(046462),75,75,100%,
46,銘傳大學,資訊工程學系（桃園校區）(046472),75,68,91%,
46,銘傳大學,資訊工程學系(APCS組．桃園校區)(046482),3,3,100%,
46,銘傳大學,電子工程學系半導體光電組（桃園校區）(046492),27,18,67%,
46,銘傳大學,電子工程學系計算機應用組（桃園校區）(046502),33,20,61%,
46,銘傳大學,電腦與通訊工程學系（桃園校區）(046512),69,20,29%,
46,銘傳大學,醫療資訊與管理學系健康產業管理組（桃園校區）(046522),36,36,100%,
46,銘傳大學,醫療資訊與管理學系醫療資訊組（桃園校區）(046532),25,25,100%,
46,銘傳大學,生物科技學系生物醫學組（桃園校區）(046542),21,5,24%,
46,銘傳大學,生物科技學系食品生技組（桃園校區）(046552),42,28,67%,
46,銘傳大學,生物醫學工程學系專利醫材組（桃園校區）(046562),12,7,58%,
46,銘傳大學,生物醫學工程學系智慧醫療組（桃園校區）(046572),14,4,29%,
46,銘傳大學,企業管理學系(青年儲蓄帳戶組．臺北校區)(046582),1,0,0%,
46,銘傳大學,風險管理與保險學系(青年儲蓄帳戶組．臺北校區)(046592),1,1,100%,
46,銘傳大學,新聞學系(青年儲蓄帳戶組．臺北校區)(046602),1,0,0%,
46,銘傳大學,法律學系(青年儲蓄帳戶組．臺北校區)(046612),1,0,0%,
46,銘傳大學,財金法律學系(青年儲蓄帳戶組．臺北校區)(046622),1,0,0%,
46,銘傳大學,金融科技應用學士學位學程(青年儲蓄帳戶組．桃園校區)(046632),1,0,0%,
47,世新大學,新聞學系(047012),73,52,71%,
47,世新大學,廣播電視電影學系廣播組(047022),67,67,100%,
47,世新大學,廣播電視電影學系電視組(047032),89,86,97%,
47,世新大學,廣播電視電影學系電影組(047042),67,67,100%,
47,世新大學,圖文傳播學系(047052),67,54,81%,
47,世新大學,公共關係暨廣告學系(047062),112,85,76%,
47,世新大學,口語傳播暨社群媒體學系(047072),67,60,90%,
47,世新大學,資訊傳播學系(047082),50,42,84%,
47,世新大學,數位多媒體設計學系動畫設計組(047092),48,38,79%,
47,世新大學,數位多媒體設計學系遊戲設計組(047102),11,6,55%,
47,世新大學,傳播管理學系(047112),92,63,68%,
47,世新大學,資訊管理學系資訊管理組(047122),34,19,56%,
47,世新大學,資訊管理學系資訊科技組(047132),6,6,100%,
47,世新大學,資訊管理學系智慧網路應用組(047142),12,7,58%,
47,世新大學,財務金融學系(047152),23,19,83%,
47,世新大學,行政管理學系(047162),16,10,63%,
47,世新大學,觀光學系餐旅經營管理組(047172),10,10,100%,
47,世新大學,觀光學系旅遊暨休閒事業管理組(047182),10,10,100%,
47,世新大學,觀光學系觀光規劃暨資源管理組(047192),10,7,70%,
47,世新大學,經濟學系(047202),23,12,52%,
47,世新大學,企業管理學系(047212),11,11,100%,
47,世新大學,社會心理學系(047222),16,3,19%,
47,世新大學,英語暨傳播應用學系(047232),8,7,88%,
47,世新大學,中國文學系(047242),10,6,60%,
47,世新大學,日本語文學系(047252),28,12,43%,
47,世新大學,法律學系(047262),64,41,64%,
50,實踐大學,食品營養與保健生技學系(臺北校區)(050012),54,54,100%,甄試總成績學測佔0%
50,實踐大學,社會工作學系(臺北校區)(050022),45,30,67%,甄試總成績學測佔0%
50,實踐大學,家庭研究與兒童發展學系(臺北校區)(050032),23,15,65%,甄試總成績學測佔0%
50,實踐大學,餐飲管理學系廚藝組(臺北校區)(050042),12,12,100%,甄試總成績學測佔0%
50,實踐大學,餐飲管理學系餐旅組(臺北校區)(050052),10,10,100%,甄試總成績學測佔0%
50,實踐大學,法律學系(臺北校區)(050062),20,20,100%,甄試總成績學測佔10%
50,實踐大學,服裝設計學系(臺北校區)(050072),81,81,100%,甄試總成績學測佔40%+術科+面試
50,實踐大學,媒體傳達設計學系數位3D動畫設計組(臺北校區)(050082),25,25,100%,甄試總成績學測佔0%
50,實踐大學,媒體傳達設計學系創意媒體設計組(臺北校區)(050092),25,16,64%,甄試總成績學測佔0%
50,實踐大學,工業產品設計學系(臺北校區)(050102),41,40,98%,甄試總成績學測佔0%
50,實踐大學,建築設計學系Ａ組(臺北校區)(050112),14,14,100%,甄試總成績學測佔0%
50,實踐大學,建築設計學系Ｂ組(臺北校區)(050122),10,10,100%,甄試總成績學測佔0%
50,實踐大學,會計學系(臺北校區)(050132),40,27,68%,甄試總成績學測佔20%
50,實踐大學,國際經營與貿易學系(臺北校區)(050142),40,15,38%,甄試總成績學測佔10%
50,實踐大學,企業管理學系(臺北校區)(050152),40,40,100%,甄試總成績學測佔10%
50,實踐大學,財務金融學系(臺北校區)(050162),58,36,62%,甄試總成績學測佔20%
50,實踐大學,財務金融學系青年儲蓄帳戶組(臺北校區)(050172),1,0,0%,甄試總成績學測佔0%
50,實踐大學,風險管理與保險學系(臺北校區)(050182),58,58,100%,甄試總成績學測佔20%
50,實踐大學,應用外語學系(臺北校區)(050192),24,5,21%,甄試總成績學測佔10%
50,實踐大學,應用外語學系數位應用組(臺北校區)(050202),14,14,100%,甄試總成績學測佔10%
50,實踐大學,資訊科技與管理學系(臺北校區)(050212),43,27,63%,甄試總成績學測佔10%
50,實踐大學,資訊科技與管理學系APCS組(臺北校區)(050222),3,3,100%,甄試總成績學測佔10%
50,實踐大學,資訊科技與管理學系資安組(臺北校區)(050232),5,1,20%,甄試總成績學測佔10%
50,實踐大學,國際企業英語學士學位學程(臺北校區)(050242),20,20,100%,甄試總成績學測佔0%
50,實踐大學,智慧服務管理英語學士學位學程(臺北校區)(050252),23,23,100%,甄試總成績學測佔0%
50,實踐大學,東南亞智慧商務學士學位學程語言文化組(高雄校區)(050262),5,5,100%,甄試總成績學測佔0%
50,實踐大學,東南亞智慧商務學士學位學程雲端商務組(高雄校區)(050272),5,2,40%,甄試總成績學測佔0%
50,實踐大學,東南亞智慧商務學士學位學程流通管理組(高雄校區)(050282),5,1,20%,甄試總成績學測佔0%
50,實踐大學,行銷管理學系創客企劃組(高雄校區)(050292),1,1,100%,甄試總成績學測佔0%
50,實踐大學,行銷管理學系電商百貨管理組(高雄校區)(050302),1,1,100%,甄試總成績學測佔0%
50,實踐大學,行銷管理學系數位行銷與市調組(高雄校區)(050312),1,1,100%,甄試總成績學測佔0%
50,實踐大學,會計暨稅務學系經濟犯罪暨洗錢防制組(高雄校區)(050322),3,0,0%,甄試總成績學測佔0%
50,實踐大學,會計暨稅務學系財富管理組(高雄校區)(050332),3,3,100%,甄試總成績學測佔0%
50,實踐大學,會計暨稅務學系財務金融組(高雄校區)(050342),3,3,100%,甄試總成績學測佔0%
50,實踐大學,會計暨稅務學系會計AI組(高雄校區)(050352),3,3,100%,甄試總成績學測佔0%
50,實踐大學,國際企業管理學系外匯數位金融組(高雄校區)(050362),9,9,100%,甄試總成績學測佔0%
50,實踐大學,國際企業管理學系日韓商務行銷組(高雄校區)(050372),9,9,100%,甄試總成績學測佔0%
50,實踐大學,國際企業管理學系兩岸工商管理組(高雄校區)(050382),10,7,70%,甄試總成績學測佔0%
50,實踐大學,國際企業管理學系德國商務與投資組(高雄校區)(050392),9,9,100%,甄試總成績學測佔0%
50,實踐大學,金融管理學系數位金融組(高雄校區)(050402),9,9,100%,甄試總成績學測佔0%
50,實踐大學,金融管理學系金融實務組(高雄校區)(050412),10,8,80%,甄試總成績學測佔0%
50,實踐大學,金融管理學系金融商品組(高雄校區)(050422),9,4,44%,甄試總成績學測佔0%
50,實踐大學,金融管理學系財務數理組(高雄校區)(050432),7,7,100%,甄試總成績學測佔0%
50,實踐大學,資訊管理學系資訊安全管理組(高雄校區)(050442),4,3,75%,甄試總成績學測佔0%
50,實踐大學,資訊管理學系物聯網應用組(高雄校區)(050452),3,3,100%,甄試總成績學測佔0%
50,實踐大學,資訊管理學系雲端實務應用組(高雄校區)(050462),3,1,33%,甄試總成績學測佔0%
50,實踐大學,資訊科技與通訊學系App設計與物聯網應用組(高雄校區)(050472),1,1,100%,甄試總成績學測佔0%
50,實踐大學,資訊模擬與設計學系數位3D動畫設計組(高雄校區)(050482),7,7,100%,甄試總成績學測佔0%
50,實踐大學,資訊模擬與設計學系互動遊戲設計組(高雄校區)(050492),10,10,100%,甄試總成績學測佔0%
50,實踐大學,資訊模擬與設計學系AR/VR體感科技組(高雄校區)(050502),7,7,100%,甄試總成績學測佔0%
50,實踐大學,電腦動畫學士學位學程3D組(高雄校區)(050512),11,10,91%,甄試總成績學測佔0%
50,實踐大學,服飾設計與經營學系服裝與配件設計組(高雄校區)(050522),15,9,60%,甄試總成績學測佔0%
50,實踐大學,服飾設計與經營學系品牌經營與行銷組(高雄校區)(050532),14,10,71%,甄試總成績學測佔0%
50,實踐大學,服飾設計與經營學系數位3D服飾設計組(高雄校區)(050542),10,9,90%,甄試總成績學測佔0%
50,實踐大學,時尚設計學系藝術創作設計組(高雄校區)(050552),20,9,45%,甄試總成績學測佔0%
50,實踐大學,觀光管理學系餐飲暨旅館管理組(高雄校區)(050562),7,5,71%,甄試總成績學測佔0%
50,實踐大學,觀光管理學系旅運事業組(高雄校區)(050572),7,5,71%,甄試總成績學測佔0%
50,實踐大學,休閒產業管理學系休閒文創規劃組(高雄校區)(050582),7,7,100%,甄試總成績學測佔0%
50,實踐大學,休閒產業管理學系遊憩運動企劃組(高雄校區)(050592),7,7,100%,甄試總成績學測佔0%
50,實踐大學,休閒產業管理學系精品咖啡烘焙經營組(高雄校區)(050602),8,8,100%,甄試總成績學測佔0%
50,實踐大學,應用日文學系(高雄校區)(050612),10,2,20%,甄試總成績學測佔0%
50,實踐大學,應用日文學系商務組(高雄校區)(050622),10,10,100%,甄試總成績學測佔0%
50,實踐大學,應用日文學系翻譯組(高雄校區)(050632),10,9,90%,甄試總成績學測佔0%
50,實踐大學,應用日文學系實習組(高雄校區)(050642),10,10,100%,甄試總成績學測佔0%
50,實踐大學,音樂學系(臺北校區)(050652),26,26,100%,甄試總成績學測佔0%
50,實踐大學,時尚設計學系整體造型設計組(高雄校區)(050662),31,31,100%,甄試總成績學測佔0%
50,實踐大學,時尚設計學系視覺影像設計組(高雄校區)(050672),26,26,100%,甄試總成績學測佔0%
50,實踐大學,服飾設計與經營學系藝術創作設計組(高雄校區)(050682),38,33,87%,甄試總成績學測佔0%
50,實踐大學,電腦動畫學士學位學程2D組(高雄校區)(050692),20,20,100%,甄試總成績學測佔0%
50,實踐大學,電腦動畫學士學位學程2D3D通修組(高雄校區)(050702),18,18,100%,甄試總成績學測佔0%
50,實踐大學,資訊模擬與設計學系遊戲美術設計組(高雄校區)(050712),35,29,83%,甄試總成績學測佔0%
50,實踐大學,觀光管理學系運動觀光暨自然旅遊組(高雄校區)(050722),11,11,100%,甄試總成績學測佔0%
51,長榮大學,企業管理學系行銷組(051012),9,9,100%,
51,長榮大學,企業管理學系數位經營組(051022),10,10,100%,
51,長榮大學,企業管理學系產學合作組(051032),9,3,33%,
51,長榮大學,企業管理學系創新應用組(051042),9,8,89%,
51,長榮大學,國際企業學系跨境行銷組(051052),9,9,100%,
51,長榮大學,國際企業學系會展行銷組(051062),9,4,44%,
51,長榮大學,國際企業學系金融投資組(051072),9,7,78%,
51,長榮大學,國際企業學系航運物流組(051082),8,8,100%,
51,長榮大學,會計資訊學系會計應用組(051092),12,8,67%,
51,長榮大學,會計資訊學系稅務應用組(051102),10,6,60%,
51,長榮大學,會計資訊學系產業實習組(051112),9,8,89%,
51,長榮大學,航運管理學系(051122),59,51,86%,
51,長榮大學,土地管理與開發學系土地管理組(051132),14,6,43%,
51,長榮大學,土地管理與開發學系開發規劃組(051142),13,5,38%,
51,長榮大學,財務金融學系金融科技組(051152),8,8,100%,
51,長榮大學,財務金融學系投資資訊組(051162),9,8,89%,
51,長榮大學,財務金融學系金融理財組(051172),7,6,86%,
51,長榮大學,財務金融學系產業實習組(051182),9,9,100%,
51,長榮大學,財務金融學系(青年儲蓄帳戶組)(051192),2,0,0%,
51,長榮大學,觀光與餐飲管理學系觀光組(051202),10,6,60%,
51,長榮大學,觀光與餐飲管理學系餐飲組(051212),22,11,50%,
51,長榮大學,醫務管理學系醫療機構管理組(051222),5,3,60%,
51,長榮大學,醫務管理學系長照機構管理組(051232),8,6,75%,
51,長榮大學,醫務管理學系健康大數據組(051242),10,4,40%,
51,長榮大學,生物科技學系生技醫藥組(051252),9,9,100%,
51,長榮大學,生物科技學系生物檢測組(051262),10,4,40%,
51,長榮大學,生物科技學系(青年儲蓄帳戶組)(051272),2,0,0%,
51,長榮大學,健康心理學系(051282),29,5,17%,
51,長榮大學,保健營養學系(051292),22,6,27%,
51,長榮大學,護理學系A組(051302),21,13,62%,
51,長榮大學,護理學系B組(051312),5,4,80%,
51,長榮大學,護理學系C組(051322),5,5,100%,
51,長榮大學,醫藥科學產業學系(051332),24,7,29%,
51,長榮大學,職業安全與衛生學系職業安全衛生管理組(051342),12,12,100%,
51,長榮大學,職業安全與衛生學系職場健康促進管理組(051352),12,12,100%,
51,長榮大學,職業安全與衛生學系職業安全組(051362),11,9,82%,
51,長榮大學,職業安全與衛生學系職業衛生組(051372),11,9,82%,
51,長榮大學,食品安全衛生與檢驗學士學位學程食品安全管理組(051382),10,8,80%,
51,長榮大學,食品安全衛生與檢驗學士學位學程環境檢驗組(051392),7,4,57%,
51,長榮大學,食品安全衛生與檢驗學士學位學程食品檢驗組(051402),7,7,100%,
51,長榮大學,消防安全學士學位學程消防實務管理組(051412),10,12,120%,
51,長榮大學,消防安全學士學位學程火場鑑識組(051422),10,10,100%,
51,長榮大學,消防安全學士學位學程消防防災技術組(051432),7,7,100%,
51,長榮大學,綠能與環境資源學系綠能產業管理組(051442),11,11,100%,
51,長榮大學,綠能與環境資源學系綠能產業實務組(051452),5,5,100%,
51,長榮大學,綠能與環境資源學系綠能環境科技組(051462),12,8,67%,
51,長榮大學,無人機應用學士學位學程(051472),7,5,71%,
51,長榮大學,無人機應用學士學位學程(青年儲蓄帳戶組)(051482),2,0,0%,
51,長榮大學,大眾傳播學系(051492),35,9,26%,
51,長榮大學,翻譯學系A組(051502),16,5,31%,
51,長榮大學,翻譯學系B組(051512),14,9,64%,
51,長榮大學,社會工作學系A組(051522),13,3,23%,
51,長榮大學,社會工作學系B組(051532),13,5,38%,
51,長榮大學,社會工作學系C組(051542),13,13,100%,
51,長榮大學,社會工作學系(青年儲蓄帳戶組)(051552),2,0,0%,
51,長榮大學,醫學社會暨健康照護學士學位學程(051562),14,9,64%,
51,長榮大學,應用日語學系語文翻譯組(051572),15,5,33%,
51,長榮大學,應用日語學系國際觀光產業組(051582),18,13,72%,
51,長榮大學,應用哲學系公共參與組(051592),6,3,50%,
51,長榮大學,應用哲學系社會關懷組(051602),10,6,60%,
51,長榮大學,東南亞文化與產業學士學位學程產業與商貿組(051612),14,10,71%,
51,長榮大學,東南亞文化與產業學士學位學程觀光與旅遊組(051622),7,5,71%,
51,長榮大學,資訊暨設計學院學士班(不分系)(051632),5,5,100%,
51,長榮大學,數位媒體設計學系(051642),28,11,39%,
51,長榮大學,互動設計學系(051652),26,14,54%,
51,長榮大學,資訊管理學系大數據分析組(051662),16,4,25%,
51,長榮大學,資訊管理學系企業智慧組(051672),11,5,45%,
51,長榮大學,資訊工程學系(051682),29,13,45%,
51,長榮大學,美術學系藝術創作組(051692),12,12,100%,
51,長榮大學,美術學系應用藝術組(051702),7,5,71%,
51,長榮大學,書畫藝術學系甲組(051712),3,2,67%,
51,長榮大學,書畫藝術學系乙組(051722),4,2,50%,
51,長榮大學,台灣文化創意產業學士學位學程(051732),12,5,42%,
51,長榮大學,運動競技學系(051742),6,6,100%,
56,國立臺灣藝術大學,圖文傳播藝術學系(056012),14,6,43%,
56,國立臺灣藝術大學,廣播電視學系(056022),12,12,100%,
56,國立臺灣藝術大學,電影學系(056032),13,9,69%,
56,國立臺灣藝術大學,戲劇學系(056042),20,0,0%,
56,國立臺灣藝術大學,音樂學系(056052),47,41,87%,
56,國立臺灣藝術大學,中國音樂學系作曲組(056062),1,0,0%,
56,國立臺灣藝術大學,中國音樂學系聲樂組(056072),1,0,0%,
56,國立臺灣藝術大學,中國音樂學系管樂組(056082),5,5,100%,
56,國立臺灣藝術大學,中國音樂學系彈弦組(056092),5,5,100%,
56,國立臺灣藝術大學,中國音樂學系撥弦組(056102),5,5,100%,
56,國立臺灣藝術大學,中國音樂學系擦弦組(一)-胡琴(056112),8,8,100%,
56,國立臺灣藝術大學,中國音樂學系擦弦組(二)-低音擦弦(056122),3,3,100%,
56,國立臺灣藝術大學,中國音樂學系擊樂組(056132),2,2,100%,
56,國立臺灣藝術大學,美術學系(056142),11,11,100%,
56,國立臺灣藝術大學,書畫藝術學系(056152),14,14,100%,
56,國立臺灣藝術大學,雕塑學系(056162),13,0,0%,
56,國立臺灣藝術大學,古蹟藝術修護學系(056172),10,10,100%,
56,國立臺灣藝術大學,亞太建築空間與文物保存學士學位學程(056182),10,10,100%,
56,國立臺灣藝術大學,視覺傳達設計學系(056192),10,8,80%,
56,國立臺灣藝術大學,工藝設計學系(056202),12,12,100%,
56,國立臺灣藝術大學,多媒體動畫藝術學系(056212),10,10,100%,
56,國立臺灣藝術大學,舞蹈學系(056222),35,35,100%,
58,國立暨南國際大學,中國語文學系(058012),26,26,100%,
58,國立暨南國際大學,外國語文學系(058022),20,19,95%,
58,國立暨南國際大學,社會政策與社會工作學系(058032),19,15,79%,
58,國立暨南國際大學,公共行政與政策學系(058042),26,23,88%,
58,國立暨南國際大學,歷史學系(058052),19,10,53%,
58,國立暨南國際大學,東南亞學系(058062),24,13,54%,
58,國立暨南國際大學,國際企業學系(058072),27,24,89%,
58,國立暨南國際大學,經濟學系(058082),29,21,72%,
58,國立暨南國際大學,資訊管理學系(058092),26,26,100%,
58,國立暨南國際大學,資訊管理學系(資安組)(058102),5,1,20%,
58,國立暨南國際大學,財務金融學系(058112),30,18,60%,
58,國立暨南國際大學,觀光休閒與餐旅管理學系觀光休閒組(058122),10,10,100%,
58,國立暨南國際大學,觀光休閒與餐旅管理學系餐旅管理組(058132),9,9,100%,
58,國立暨南國際大學,管理學院學士班(058142),13,7,54%,
58,國立暨南國際大學,國際文教與比較教育學系(058152),23,13,57%,
58,國立暨南國際大學,教育政策與行政學系(058162),22,16,73%,
58,國立暨南國際大學,諮商心理與人力資源發展學系諮商心理組(058172),12,12,100%,
58,國立暨南國際大學,諮商心理與人力資源發展學系終身學習與人力資源發展組(058182),9,9,100%,
58,國立暨南國際大學,教育學院學士班教育科技與數位學習組(058192),5,5,100%,
58,國立暨南國際大學,教育學院學士班教育心理與輔導組(058202),5,3,60%,
58,國立暨南國際大學,資訊工程學系(058212),20,18,90%,
58,國立暨南國際大學,資訊工程學系(APCS組)(058222),3,3,100%,
58,國立暨南國際大學,資訊工程學系(資安組)(058232),5,1,20%,
58,國立暨南國際大學,土木工程學系(058242),19,13,68%,
58,國立暨南國際大學,電機工程學系(058252),34,19,56%,
58,國立暨南國際大學,應用化學系(058262),22,9,41%,
58,國立暨南國際大學,應用材料及光電工程學系(058272),26,16,62%,
58,國立暨南國際大學,科技學院學士班(058282),9,9,100%,
58,國立暨南國際大學,科技學院學士班(資安組)(058292),2,0,0%,
58,國立暨南國際大學,護理學系(058302),7,7,100%,
59,南華大學,財務金融學系(059012),32,26,81%,
59,南華大學,企業管理學系經營管理組(059022),7,6,86%,
59,南華大學,企業管理學系數位行銷組(059032),8,7,88%,
59,南華大學,企業管理學系創新創業組(059042),7,7,100%,
59,南華大學,企業管理學系服務業管理組(059052),7,7,100%,
59,南華大學,文化創意事業管理學系(059062),10,6,60%,
59,南華大學,文化創意事業管理學系數位出版營運組(059072),8,2,25%,
59,南華大學,文化創意事業管理學系藝文活動專案組(059082),8,3,38%,
59,南華大學,文化創意事業管理學系文創商品產銷組(059092),8,6,75%,
59,南華大學,旅遊管理學系(059102),10,10,100%,
59,南華大學,旅遊管理學系觀光遊憩組(059112),8,8,100%,
59,南華大學,旅遊管理學系旅館管理組(059122),6,6,100%,
59,南華大學,旅遊管理學系餐宴廚藝組(059132),10,10,100%,
59,南華大學,管理學院國際企業學士學位學程(059142),10,9,90%,
59,南華大學,管理學院國際企業學士學位學程國際數位行銷組(059152),6,6,100%,
59,南華大學,管理學院國際企業學士學位學程人工智慧商務組(059162),6,1,17%,
59,南華大學,生死學系社會工作組(059172),31,26,84%,
59,南華大學,生死學系殯葬服務組(059182),34,27,79%,
59,南華大學,生死學系諮商組(059192),29,21,72%,
59,南華大學,幼兒教育學系(059202),36,33,92%,
59,南華大學,文學系古典創新與教學組(059212),11,10,91%,
59,南華大學,文學系藝文創作組(059222),10,10,100%,
59,南華大學,文學系數位應用組(059232),10,6,60%,
59,南華大學,外國語文學系(059242),10,10,100%,
59,南華大學,外國語文學系外語導覽組(059252),10,6,60%,
59,南華大學,外國語文學系國際商務組(059262),5,5,100%,
59,南華大學,外國語文學系兒童美語教學組(059272),8,2,25%,
59,南華大學,應用社會學系社會學組(059282),18,7,39%,
59,南華大學,應用社會學系社會工作組(059292),10,10,100%,
59,南華大學,應用社會學系社會工作組長期照顧管理組(059302),10,10,100%,
59,南華大學,應用社會學系社會工作組兒少婦家庭組(059312),7,7,100%,
59,南華大學,傳播學系廣告公關新聞組(059322),11,11,100%,
59,南華大學,傳播學系數位影音製作組(059332),11,11,100%,
59,南華大學,傳播學系影劇表演藝術組(059342),11,11,100%,
59,南華大學,國際事務與企業學系(059352),10,7,70%,
59,南華大學,國際事務與企業學系外交與國際事務組(059362),10,7,70%,
59,南華大學,國際事務與企業學系公共事務與管理組(059372),11,10,91%,
59,南華大學,視覺藝術與設計學系繪畫文創組(059382),6,6,100%,
59,南華大學,視覺藝術與設計學系數位設計組(059392),6,6,100%,
59,南華大學,民族音樂學系展演創作組(059402),3,3,100%,
59,南華大學,民族音樂學系藝術管理組(059412),3,3,100%,
59,南華大學,建築學系社會組(059422),18,18,100%,
59,南華大學,建築學系自然組(059432),17,15,88%,
59,南華大學,產品與室內設計學系(059442),5,5,100%,
59,南華大學,產品與室內設計學系(青年儲蓄帳戶組)(059452),1,0,0%,
59,南華大學,資訊工程學系(059462),25,18,72%,
59,南華大學,資訊工程學系人工智慧組(059472),20,12,60%,
59,南華大學,資訊工程學系生醫資電組(059482),15,7,47%,
59,南華大學,自然生物科技學系(059492),18,10,56%,
59,南華大學,自然生物科技學系生技療癒組(059502),5,5,100%,
59,南華大學,自然生物科技學系產品研發組(059512),10,7,70%,
59,南華大學,資訊管理學系(059522),29,27,93%,
60,國立臺灣體育運動大學,體育學系(一般組)(060012),33,31,94%,
60,國立臺灣體育運動大學,休閒運動學系(一般組)(060022),9,9,100%,
60,國立臺灣體育運動大學,運動事業管理學系(060032),16,8,50%,
60,國立臺灣體育運動大學,運動健康科學學系(060042),29,14,48%,
60,國立臺灣體育運動大學,運動資訊與傳播學系(060052),15,13,87%,
60,國立臺灣體育運動大學,體育學系(青年儲蓄帳戶組)(060062),1,0,0%,
60,國立臺灣體育運動大學,體育學系(運動專長組)(060072),36,33,92%,
60,國立臺灣體育運動大學,休閒運動學系(休閒運動組)(060082),2,1,50%,
63,國立臺南藝術大學,藝術史學系(063012),15,15,100%,
63,國立臺南藝術大學,應用音樂學系(063022),27,27,100%,
63,國立臺南藝術大學,材質創作與設計系(063032),21,21,100%,
63,國立臺南藝術大學,應用音樂學系(青年儲蓄帳戶組)(063042),1,0,0%,
65,玄奘大學,社會工作學系(065012),26,6,23%,
65,玄奘大學,應用心理學系(065022),45,22,49%,
65,玄奘大學,法律學系(065032),36,12,33%,
65,玄奘大學,大眾傳播學系(065042),24,7,29%,
65,玄奘大學,影劇藝術學系(065052),10,3,30%,
65,玄奘大學,應用日語學系(065062),18,14,78%,
65,玄奘大學,餐旅管理學系(065072),14,0,0%,
65,玄奘大學,視覺傳達設計學系(065082),19,10,53%,
65,玄奘大學,藝術與創意設計學系(065092),18,13,72%,
65,玄奘大學,時尚設計學系(065102),13,5,38%,
79,真理大學,人文與資訊學系一般組(079012),7,3,43%,
79,真理大學,人文與資訊學系行銷實務組(079022),6,6,100%,
79,真理大學,人文與資訊學系數位應用組(079032),7,4,57%,
79,真理大學,宗教文化與資訊管理學系(079042),6,2,33%,
79,真理大學,宗教文化與資訊管理學系生死關懷組(079052),7,3,43%,
79,真理大學,宗教文化與資訊管理學系數位與文創組(079062),5,3,60%,
79,真理大學,英美語文學系一般組(079072),8,1,13%,
79,真理大學,英美語文學系英語暨華語教學組(079082),8,8,100%,
79,真理大學,英美語文學系傳播暨文化經貿組(079092),8,3,38%,
79,真理大學,英美語文學系導覽暨旅遊服務組(079102),8,0,0%,
79,真理大學,應用日語學系(079112),37,14,38%,
79,真理大學,台灣文學系一般組(079122),10,3,30%,
79,真理大學,台灣文學系語文傳播組(079132),10,3,30%,
79,真理大學,統計資訊與精算學系一般組(079142),12,5,42%,
79,真理大學,統計資訊與精算學系商業應用組(079152),11,9,82%,
79,真理大學,資訊工程學系資訊安全應用組(079162),8,7,88%,
79,真理大學,資訊工程學系科技應用組(079172),8,7,88%,
79,真理大學,資訊工程學系人工智慧應用組(079182),9,1,11%,
79,真理大學,資訊工程學系多媒體與遊戲設計組(079192),8,8,100%,
79,真理大學,資訊工程學系大數據應用組(079202),9,2,22%,
79,真理大學,法律學系(079212),40,17,43%,
79,真理大學,會計資訊學系(079222),37,4,11%,
79,真理大學,財務金融學系(079232),33,13,39%,
79,真理大學,國際企業與貿易學系(079242),35,5,14%,
79,真理大學,國際企業與貿易學系(青年儲蓄帳戶組)(079252),1,1,100%,
79,真理大學,理財與稅務規劃學系(079262),23,5,22%,
79,真理大學,經濟學系(079272),37,9,24%,
79,真理大學,工業管理與經營資訊學系人工智慧應用組(079282),16,3,19%,
79,真理大學,工業管理與經營資訊學系科技創新製造組(079292),10,1,10%,
79,真理大學,工業管理與經營資訊學系智慧經營管理組(079302),11,2,18%,
79,真理大學,企業管理學系(079312),35,9,26%,
79,真理大學,資訊管理學系資管應用組(079322),12,1,8%,
79,真理大學,資訊管理學系電商行銷組(079332),14,5,36%,
79,真理大學,資訊管理學系智慧商務組(079342),13,0,0%,
79,真理大學,運動管理學系(079352),38,13,34%,
79,真理大學,運動資訊傳播學系(079362),36,16,44%,
79,真理大學,觀光事業學系旅遊管理組(079372),9,2,22%,
79,真理大學,觀光事業學系餐旅管理組(079382),8,5,63%,
79,真理大學,觀光事業學系休閒遊憩組(079392),8,4,50%,
79,真理大學,觀光事業學系產業經營組(079402),8,8,100%,
79,真理大學,觀光數位知識學系旅遊創新組(079412),9,0,0%,
79,真理大學,觀光數位知識學系海洋遊憩組(079422),9,4,44%,
79,真理大學,觀光數位知識學系餐旅資訊組(079432),10,3,30%,
79,真理大學,觀光數位知識學系旅運科技組(079442),10,3,30%,
79,真理大學,航空事業學系(079452),23,14,61%,
79,真理大學,音樂應用學系-行政管理組(079462),10,5,50%,
79,真理大學,音樂應用學系-演奏教學A組(079472),12,9,75%,
79,真理大學,音樂應用學系-演奏教學B組(079482),6,2,33%,
99,國立臺北大學,法律學系法學組(099012),26,25,96%,
99,國立臺北大學,法律學系法學組(飛鳶組)(099022),1,1,100%,
99,國立臺北大學,法律學系司法組(099032),26,22,85%,
99,國立臺北大學,法律學系司法組(飛鳶組)(099042),1,1,100%,
99,國立臺北大學,法律學系財經法組(099052),26,20,77%,
99,國立臺北大學,法律學系財經法組(飛鳶組)(099062),1,0,0%,
99,國立臺北大學,企業管理學系(099072),57,28,49%,
99,國立臺北大學,企業管理學系(飛鳶組)(099082),2,0,0%,
99,國立臺北大學,金融與合作經營學系(099092),28,13,46%,
99,國立臺北大學,金融與合作經營學系(飛鳶組)(099102),2,0,0%,
99,國立臺北大學,會計學系(099112),64,64,100%,
99,國立臺北大學,會計學系(飛鳶組)(099122),1,0,0%,
99,國立臺北大學,統計學系(099132),17,6,35%,
99,國立臺北大學,統計學系(飛鳶組)(099142),1,0,0%,
99,國立臺北大學,休閒運動管理學系(099152),25,25,100%,
99,國立臺北大學,休閒運動管理學系(飛鳶組)(099162),1,1,100%,
99,國立臺北大學,公共行政暨政策學系(099172),58,53,91%,
99,國立臺北大學,公共行政暨政策學系(飛鳶組)(099182),2,1,50%,
99,國立臺北大學,財政學系(099192),29,21,72%,
99,國立臺北大學,財政學系(飛鳶組)(099202),1,0,0%,
99,國立臺北大學,不動產與城鄉環境學系甲組(099212),30,27,90%,
99,國立臺北大學,不動產與城鄉環境學系乙組(099222),31,31,100%,
99,國立臺北大學,不動產與城鄉環境學系(飛鳶組)(099232),2,1,50%,
99,國立臺北大學,經濟學系(099242),58,48,83%,
99,國立臺北大學,經濟學系(飛鳶組)(099252),2,2,100%,
99,國立臺北大學,社會學系(099262),28,22,79%,
99,國立臺北大學,社會學系(飛鳶組)(099272),1,1,100%,
99,國立臺北大學,社會工作學系(099282),22,12,55%,
99,國立臺北大學,社會工作學系(連江公費生)(099292),2,2,100%,
99,國立臺北大學,社會工作學系(飛鳶組)(099302),1,1,100%,
99,國立臺北大學,中國文學系(099312),19,12,63%,
99,國立臺北大學,中國文學系(飛鳶組)(099322),2,1,50%,
99,國立臺北大學,應用外語學系(099332),20,12,60%,
99,國立臺北大學,應用外語學系(飛鳶組)(099342),2,1,50%,
99,國立臺北大學,歷史學系(099352),15,3,20%,
99,國立臺北大學,歷史學系(飛鳶組)(099362),3,3,100%,
99,國立臺北大學,資訊工程學系(099372),27,11,41%,
99,國立臺北大學,資訊工程學系(APCS組)(099382),2,2,100%,
99,國立臺北大學,資訊工程學系(飛鳶組)(099392),1,1,100%,
99,國立臺北大學,通訊工程學系(099402),22,16,73%,
99,國立臺北大學,通訊工程學系(飛鳶組)(099412),1,0,0%,
99,國立臺北大學,電機工程學系(099422),22,18,82%,
99,國立臺北大學,電機工程學系(飛鳶組)(099432),2,1,50%,
100,國立嘉義大學,教育學系(100012),17,9,53%,
100,國立嘉義大學,輔導與諮商學系(100022),22,14,64%,
100,國立嘉義大學,輔導與諮商學系(公費生)(100032),1,1,100%,
100,國立嘉義大學,特殊教育學系(100042),18,8,44%,
100,國立嘉義大學,幼兒教育學系(100052),26,15,58%,
100,國立嘉義大學,數位學習設計與管理學系(100062),20,14,70%,
100,國立嘉義大學,中國文學系(100072),21,8,38%,
100,國立嘉義大學,應用歷史學系(100082),20,12,60%,
100,國立嘉義大學,外國語言學系英語教學組(100092),35,21,60%,
100,國立嘉義大學,外國語言學系英語教學組(公費生)(100102),1,1,100%,
100,國立嘉義大學,外國語言學系應用外語組(100112),35,15,43%,
100,國立嘉義大學,企業管理學系(100122),23,6,26%,
100,國立嘉義大學,應用經濟學系(100132),21,12,57%,
100,國立嘉義大學,科技管理學系(100142),20,16,80%,
100,國立嘉義大學,資訊管理學系(100152),23,15,65%,
100,國立嘉義大學,資訊管理學系(資安組)(100162),5,2,40%,
100,國立嘉義大學,行銷與觀光管理學系(100172),20,6,30%,
100,國立嘉義大學,財務金融學系(100182),22,10,45%,
100,國立嘉義大學,農藝學系(100192),20,13,65%,
100,國立嘉義大學,園藝學系(100202),20,20,100%,
100,國立嘉義大學,森林暨自然資源學系(100212),19,18,95%,
100,國立嘉義大學,木質材料與設計學系(100222),18,11,61%,
100,國立嘉義大學,動物科學系(100232),19,9,47%,
100,國立嘉義大學,農業生物科技學系(100242),16,16,100%,
100,國立嘉義大學,景觀學系(100252),20,15,75%,
100,國立嘉義大學,植物醫學系(100262),18,7,39%,
100,國立嘉義大學,電子物理學系(100272),22,15,68%,
100,國立嘉義大學,應用化學系(100282),21,9,43%,
100,國立嘉義大學,應用數學系(100292),23,14,61%,
100,國立嘉義大學,資訊工程學系(100302),18,11,61%,
100,國立嘉義大學,資訊工程學系(APCS組)(100312),3,3,100%,
100,國立嘉義大學,資訊工程學系(青年儲蓄帳戶組)(100322),1,0,0%,
100,國立嘉義大學,生物機電工程學系(100332),24,15,63%,
100,國立嘉義大學,土木與水資源工程學系(100342),21,10,48%,
100,國立嘉義大學,電機工程學系(100352),21,4,19%,
100,國立嘉義大學,機械與能源工程學系(100362),19,8,42%,
100,國立嘉義大學,食品科學系(100372),18,9,50%,
100,國立嘉義大學,水生生物科學系(100382),22,10,45%,
100,國立嘉義大學,生物資源學系(100392),22,15,68%,
100,國立嘉義大學,生化科技學系(100402),20,13,65%,
100,國立嘉義大學,微生物免疫與生物藥學系(100412),21,7,33%,
100,國立嘉義大學,獸醫學系(100422),23,15,65%,
100,國立嘉義大學,音樂學系(100432),29,19,66%,
100,國立嘉義大學,視覺藝術學系(100442),21,21,100%,
100,國立嘉義大學,體育與健康休閒學系(100452),22,15,68%,
101,國立高雄大學,西洋語文學系(101012),25,13,52%,
101,國立高雄大學,運動健康與休閒學系(101022),33,25,76%,
101,國立高雄大學,東亞語文學系日語組(101032),7,5,71%,
101,國立高雄大學,東亞語文學系韓語組(101042),7,5,71%,
101,國立高雄大學,東亞語文學系越語組(101052),7,7,100%,
101,國立高雄大學,法律學系(101062),20,3,15%,
101,國立高雄大學,政治法律學系(101072),22,18,82%,
101,國立高雄大學,財經法律學系(101082),20,13,65%,
101,國立高雄大學,應用經濟學系(101092),26,12,46%,
101,國立高雄大學,亞太工商管理學系企業管理組(101102),11,7,64%,
101,國立高雄大學,亞太工商管理學系工業管理組(101112),14,13,93%,
101,國立高雄大學,資訊管理學系(101122),19,7,37%,
101,國立高雄大學,金融管理學系(101132),20,9,45%,
101,國立高雄大學,應用數學系(101142),29,25,86%,
101,國立高雄大學,應用化學系(101152),24,13,54%,
101,國立高雄大學,應用物理學系(101162),23,19,83%,
101,國立高雄大學,生命科學系(101172),23,10,43%,
101,國立高雄大學,電機工程學系(101182),42,21,50%,
101,國立高雄大學,土木與環境工程學系土木工程組(101192),14,6,43%,
101,國立高雄大學,土木與環境工程學系環境工程組(101202),14,9,64%,
101,國立高雄大學,化學工程及材料工程學系(101212),20,5,25%,
101,國立高雄大學,資訊工程學系(101222),21,11,52%,
101,國立高雄大學,建築學系(101232),17,12,71%,
101,國立高雄大學,資訊管理學系(資安組)(101242),4,1,25%,
101,國立高雄大學,亞太工商管理學系企業管理組(青年儲蓄帳戶組)(101252),1,0,0%,
101,國立高雄大學,資訊管理學系(青年儲蓄帳戶組)(101262),3,0,0%,
101,國立高雄大學,電機工程學系(青年儲蓄帳戶組)(101272),1,0,0%,
101,國立高雄大學,應用物理學系(願景組)(101282),3,3,100%,
101,國立高雄大學,生命科學系(願景組)(101292),3,2,67%,
101,國立高雄大學,資訊工程學系(願景組)(101302),3,0,0%,
101,國立高雄大學,化學工程及材料工程學系(願景組)(101312),5,0,0%,
101,國立高雄大學,土木與環境工程學系(願景組)(101322),3,2,67%,
101,國立高雄大學,電機工程學系(願景組)(101332),8,3,38%,
101,國立高雄大學,建築學系(願景組)(101342),5,0,0%,
101,國立高雄大學,金融管理學系(願景組)(101352),10,1,10%,
101,國立高雄大學,資訊管理學系(願景組)(101362),10,5,50%,
101,國立高雄大學,工藝與創意設計學系(101372),25,25,100%,
108,慈濟大學,醫學系(108012),26,17,65%,
108,慈濟大學,醫學檢驗生物技術學系(108022),34,34,100%,
108,慈濟大學,公共衛生學系(108032),14,6,43%,
108,慈濟大學,護理學系(108042),33,22,67%,
108,慈濟大學,醫學資訊學系(108052),23,13,57%,
108,慈濟大學,物理治療學系(108062),22,22,100%,
108,慈濟大學,生物醫學暨工程學系(108072),20,13,65%,
108,慈濟大學,分子生物暨人類遺傳學系(108082),14,11,79%,
108,慈濟大學,傳播學系(108092),13,7,54%,
108,慈濟大學,兒童發展與家庭教育學系(108102),12,12,100%,
108,慈濟大學,社會工作學系(108112),17,13,76%,
108,慈濟大學,人類發展與心理學系(108122),13,7,54%,
108,慈濟大學,東方語文學系中文組(108132),5,2,40%,
108,慈濟大學,東方語文學系日文組(108142),8,8,100%,
108,慈濟大學,外國語文學系(108152),7,7,100%,
108,慈濟大學,國際服務產業管理學士學位學程(108162),9,6,67%,
108,慈濟大學,醫學系(公費生)(108172),7,4,57%,
108,慈濟大學,翔飛A組(108182),7,4,57%,
108,慈濟大學,翔飛B組(108192),3,1,33%,
108,慈濟大學,醫學資訊學系(APCS組)(108202),2,0,0%,
109,臺北醫學大學,醫學系(109012),85,80,94%,
109,臺北醫學大學,醫學系(公費生)(109022),5,4,80%,
109,臺北醫學大學,牙醫學系(109032),56,56,100%,
109,臺北醫學大學,藥學系藥學組(109042),57,57,100%,
109,臺北醫學大學,藥學系藥學組(英語組)(109052),36,36,100%,
109,臺北醫學大學,藥學系臨床藥學組(109062),39,36,92%,
109,臺北醫學大學,醫學檢驗暨生物技術學系(109072),35,21,60%,
109,臺北醫學大學,護理學系(109082),39,37,95%,
109,臺北醫學大學,保健營養學系(109092),41,34,83%,
109,臺北醫學大學,公共衛生學系(109102),25,17,68%,
109,臺北醫學大學,醫務管理學系(109112),32,19,59%,
109,臺北醫學大學,呼吸治療學系(109122),26,25,96%,
109,臺北醫學大學,高齡健康暨長期照護學系(109132),28,18,64%,
109,臺北醫學大學,牙體技術學系(109142),20,20,100%,
109,臺北醫學大學,口腔衛生學系(109152),21,11,52%,
109,臺北醫學大學,生物醫學工程學系(109162),19,12,63%,
109,臺北醫學大學,食品安全學系(109172),22,14,64%,
109,臺北醫學大學,醫學系（展翅A組）(109182),2,2,100%,
109,臺北醫學大學,牙醫學系（展翅B組）(109192),1,1,100%,
109,臺北醫學大學,展翅C組(109202),7,4,57%,
109,臺北醫學大學,展翅D組(109212),5,1,20%,
109,臺北醫學大學,展翅E組(109222),5,1,20%,
110,開南大學,企業與創業管理學系(110012),23,10,43%,
110,開南大學,國際企業學系(110022),27,9,33%,
110,開南大學,商學院國際榮譽學士學位學程(110032),12,3,25%,
110,開南大學,國際物流與運輸管理學系(110042),30,11,37%,
110,開南大學,空運管理學系(110052),46,22,48%,
110,開南大學,觀光與餐飲旅館學系(110062),44,11,25%,
110,開南大學,觀光與餐飲旅館學系(青年儲蓄帳戶組)(110072),1,0,0%,
110,開南大學,休閒事業管理學系(110082),20,4,20%,
110,開南大學,資訊管理學系(110092),30,8,27%,
110,開南大學,資訊傳播學系(110102),29,14,48%,
110,開南大學,電影與創意媒體學系(110112),39,15,38%,
110,開南大學,法律學系(110122),58,16,28%,
110,開南大學,應用日語學系(110132),60,35,58%,
110,開南大學,應用英語學系(110142),27,7,26%,
110,開南大學,保健營養學系(110152),28,10,36%,
110,開南大學,健康產業管理學系(110162),28,10,36%,
112,康寧大學,嬰幼兒保育學系(台北校區)(112012),15,4,27%,
112,康寧大學,長期照護學系(台北校區)(112022),17,9,53%,
113,中信金融管理學院,財務金融學系(113012),22,6,27%,
113,中信金融管理學院,財經法律學系(113022),22,12,55%,
113,中信金融管理學院,企業管理學系(113032),21,2,10%,
113,中信金融管理學院,金融管理學院學士班(113042),20,6,30%,
113,中信金融管理學院,人工智慧學系(113052),17,8,47%,
113,中信金融管理學院,財務金融學系青年儲蓄帳戶組(113062),1,0,0%,
113,中信金融管理學院,運動產業管理學士學位學程(113072),10,8,80%,
130,佛光大學,文化資產與創意學系(130012),15,4,27%,
130,佛光大學,傳播學系(數位媒體組)(130022),17,13,76%,
130,佛光大學,傳播學系(廣告公關組)(130032),16,8,50%,
130,佛光大學,傳播學系(流行音樂傳播組)(130042),16,16,100%,
130,佛光大學,資訊應用學系(資訊系統與智慧應用組)(130052),15,3,20%,
130,佛光大學,資訊應用學系(動畫與數位內容組)(130062),14,11,79%,
130,佛光大學,資訊應用學系(數位遊戲開發組)(130072),14,8,57%,
130,佛光大學,中國文學與應用學系(130082),23,10,43%,
130,佛光大學,歷史學系(A組)(130092),15,11,73%,
130,佛光大學,歷史學系(B組)(130102),9,6,67%,
130,佛光大學,外國語文學系(130112),35,21,60%,
130,佛光大學,社會學暨社會工作學系(130122),36,28,78%,
130,佛光大學,心理學系(130132),35,32,91%,
130,佛光大學,公共事務學系(國際與兩岸事務組)(130142),19,9,47%,
130,佛光大學,公共事務學系(行政管理組)(130152),19,10,53%,
130,佛光大學,管理學院運動與健康促進管理學士學位學程(130162),8,8,100%,
130,佛光大學,管理學系(經營管理組)(130172),16,9,56%,
130,佛光大學,管理學系(健康事業管理組)(130182),15,3,20%,
130,佛光大學,應用經濟學系(財務金融組)(130192),22,19,86%,
130,佛光大學,應用經濟學系(國際商務組)(130202),16,15,94%,
130,佛光大學,未來與樂活產業學系(130212),25,12,48%,
130,佛光大學,健康與創意蔬食產業學系(130222),16,8,50%,
130,佛光大學,產品與媒體設計學系(創意產品設計組)(130232),28,15,54%,
130,佛光大學,產品與媒體設計學系（商業媒體設計組）(130242),27,17,63%,
133,明道大學,企業管理學系(133012),8,1,13%,
133,明道大學,餐旅管理學系(133022),10,0,0%,
133,明道大學,休閒保健學系(133032),9,0,0%,
133,明道大學,智慧暨精緻農業學系(133042),8,0,0%,
133,明道大學,智慧能源工程學系(133052),8,0,0%,
133,明道大學,數位設計學系(133062),11,2,18%,
133,明道大學,景觀與環境設計學系(133072),6,0,0%,
133,明道大學,中華文化與傳播學系(133082),8,0,0%,
133,明道大學,應用外語學系(133092),6,1,17%,
134,亞洲大學,健康產業管理學系健康產業管理組(134012),37,18,49%,
134,亞洲大學,健康產業管理學系醫療機構管理組(134022),37,28,76%,
134,亞洲大學,食品營養與保健生技學系食品營養組(134032),36,30,83%,
134,亞洲大學,食品營養與保健生技學系保健化妝品組(134042),29,12,41%,
134,亞洲大學,醫學檢驗暨生物技術學系醫事檢驗組(134052),31,25,81%,
134,亞洲大學,醫學檢驗暨生物技術學系生物技術組(134062),31,14,45%,
134,亞洲大學,心理學系心理師研修組(134072),7,7,100%,
134,亞洲大學,心理學系諮商與臨床心理組(134082),37,21,57%,
134,亞洲大學,心理學系工商與社會心理組(134092),38,30,79%,
134,亞洲大學,視光學系(134102),77,50,65%,
134,亞洲大學,聽力暨語言治療學系(134112),62,48,77%,
134,亞洲大學,職能治療學系(134122),65,65,100%,
134,亞洲大學,物理治療學系(134132),31,21,68%,
134,亞洲大學,護理學系國際護理組(134142),29,29,100%,
134,亞洲大學,護理學系臨床照護組(134152),48,35,73%,
134,亞洲大學,護理學系高齡長期照護組(134162),35,35,100%,
134,亞洲大學,生物資訊與醫學工程學系生醫資訊組(134172),31,24,77%,
134,亞洲大學,生物資訊與醫學工程學系醫學工程組(134182),30,26,87%,
134,亞洲大學,資訊工程學系人工智慧組(134192),23,13,57%,
134,亞洲大學,資訊工程學系數位內容與遊戲設計組(134202),23,17,74%,
134,亞洲大學,資訊工程學系智慧電子組(134212),23,19,83%,
134,亞洲大學,行動商務與多媒體應用學系行動商務組(134222),34,19,56%,
134,亞洲大學,行動商務與多媒體應用學系多媒體應用組(134232),33,7,21%,
134,亞洲大學,資訊傳播學系智慧傳播應用組(134242),23,15,65%,
134,亞洲大學,資訊傳播學系新媒體傳播內容組(134252),24,21,88%,
134,亞洲大學,經營管理學系(134262),39,39,100%,
134,亞洲大學,休閒與遊憩管理學系(134272),18,18,100%,
134,亞洲大學,會計與資訊學系(134282),32,28,88%,
134,亞洲大學,財務金融學系投資理財組(134292),33,14,42%,
134,亞洲大學,財務金融學系金融科技組(134302),36,20,56%,
134,亞洲大學,財經法律學系(134312),68,50,74%,
134,亞洲大學,外國語文學系(134322),22,20,91%,
134,亞洲大學,社會工作學系社工心理雙專業組(134332),28,17,61%,
134,亞洲大學,社會工作學系醫務社工與長期照顧雙專業組(134342),34,24,71%,
134,亞洲大學,幼兒教育學系文教產業組(134352),28,28,100%,
134,亞洲大學,幼兒教育學系幼教師資組(134362),35,35,100%,
134,亞洲大學,數位媒體設計學系(134372),37,37,100%,
134,亞洲大學,視覺傳達設計學系(134382),29,23,79%,
134,亞洲大學,創意商品設計學系(134392),32,23,72%,
134,亞洲大學,時尚設計學系(134402),30,30,100%,
134,亞洲大學,室內設計學系(134412),42,34,81%,
134,亞洲大學,休閒與遊憩管理學系(青年儲蓄帳戶組)(134422),1,0,0%,
150,國立宜蘭大學,外國語文學系(150012),12,9,75%,
150,國立宜蘭大學,應用經濟與管理學系(150022),26,13,50%,
150,國立宜蘭大學,休閒產業與健康促進學系(150032),19,9,47%,
150,國立宜蘭大學,土木工程學系(150042),38,23,61%,
150,國立宜蘭大學,機械與機電工程學系(150052),22,3,14%,
150,國立宜蘭大學,化學工程與材料工程學系(150062),37,11,30%,
150,國立宜蘭大學,環境工程學系(150072),22,7,32%,
150,國立宜蘭大學,生物機電工程學系(150082),17,5,29%,
150,國立宜蘭大學,食品科學系(150092),25,8,32%,
150,國立宜蘭大學,生物技術與動物科學系(150102),30,7,23%,
150,國立宜蘭大學,森林暨自然資源學系(150112),15,7,47%,
150,國立宜蘭大學,園藝學系(150122),13,9,69%,
150,國立宜蘭大學,電機工程學系(150132),48,26,54%,
150,國立宜蘭大學,電子工程學系(150142),49,26,53%,
150,國立宜蘭大學,資訊工程學系(150152),14,7,50%,
150,國立宜蘭大學,資訊工程學系(APCS組)(150162),3,3,100%,
151,國立聯合大學,機械工程學系(151012),33,17,52%,
151,國立聯合大學,化學工程學系(151022),51,50,98%,
151,國立聯合大學,土木與防災工程學系(151032),28,28,100%,
151,國立聯合大學,材料科學工程學系(151042),28,14,50%,
151,國立聯合大學,環境與安全衛生工程學系(151052),33,23,70%,
151,國立聯合大學,能源工程學系(151062),36,21,58%,
151,國立聯合大學,建築學系(151072),17,4,24%,
151,國立聯合大學,工業設計學系(151082),20,6,30%,
151,國立聯合大學,電機工程學系(151092),49,30,61%,
151,國立聯合大學,電子工程學系(151102),68,46,68%,
151,國立聯合大學,光電工程學系(151112),29,11,38%,
151,國立聯合大學,資訊工程學系(151122),18,6,33%,
151,國立聯合大學,資訊工程學系(APCS組)(151132),3,3,100%,
151,國立聯合大學,經營管理學系(151142),50,9,18%,
151,國立聯合大學,資訊管理學系(151152),16,6,38%,
151,國立聯合大學,資訊管理學系(APCS組)(151162),3,0,0%,
151,國立聯合大學,財務金融學系(151172),34,8,24%,
151,國立聯合大學,臺灣語文與傳播學系(151182),24,13,54%,
151,國立聯合大學,華語文學系(151192),36,36,100%,
151,國立聯合大學,文化觀光產業學系(151202),37,20,54%,
151,國立聯合大學,文化創意與數位行銷學系(151212),22,16,73%,
152,馬偕醫學院,醫學系(152012),20,16,80%,
152,馬偕醫學院,醫學系(薪傳組)(152022),1,1,100%,
152,馬偕醫學院,護理學系(152032),44,22,50%,
152,馬偕醫學院,護理學系(薪傳組)(152042),2,0,0%,
152,馬偕醫學院,聽力暨語言治療學系聽力組(152052),12,3,25%,
152,馬偕醫學院,聽力暨語言治療學系語言組(152062),17,11,65%,
152,馬偕醫學院,視光學系(152072),23,12,52%,
152,馬偕醫學院,視光學系(薪傳組)(152082),1,1,100%,
152,馬偕醫學院,護理學系(青年儲蓄帳戶組)(152092),1,0,0%,
153,國立金門大學,應用英語學系(153012),20,3,15%,
153,國立金門大學,應用英語學系(願景組)(153022),4,1,25%,
153,國立金門大學,運動與休閒學系(153032),20,17,85%,
153,國立金門大學,企業管理學系(153042),25,15,60%,
153,國立金門大學,企業管理學系(願景組)(153052),3,0,0%,
153,國立金門大學,電機工程學系(153062),26,12,46%,
153,國立金門大學,電機工程學系(願景組)(153072),9,7,78%,
153,國立金門大學,食品科學系(153082),23,16,70%,
153,國立金門大學,食品科學系(願景組)(153092),8,1,13%,
153,國立金門大學,土木與工程管理學系(153102),15,6,40%,
153,國立金門大學,土木與工程管理學系(願景組)(153112),6,3,50%,
153,國立金門大學,觀光管理學系(153122),21,8,38%,
153,國立金門大學,資訊工程學系(153132),20,16,80%,
153,國立金門大學,資訊工程學系(APCS組)(153142),3,1,33%,
153,國立金門大學,資訊工程學系(願景組)(153152),8,1,13%,
153,國立金門大學,建築學系(153162),22,22,100%,
153,國立金門大學,建築學系(願景組)(153172),8,2,25%,
153,國立金門大學,國際暨大陸事務學系(153182),22,19,86%,
153,國立金門大學,國際暨大陸事務學系(願景組)(153192),4,2,50%,
153,國立金門大學,華語文學系(153202),21,12,57%,
153,國立金門大學,華語文學系(願景組)(153212),6,1,17%,
153,國立金門大學,海洋與邊境管理學系(153222),22,8,36%,
153,國立金門大學,海洋與邊境管理學系(願景組)(153232),3,1,33%,
153,國立金門大學,工業工程與管理學系(153242),21,16,76%,
153,國立金門大學,工業工程與管理學系(願景組)(153252),6,0,0%,
153,國立金門大學,護理學系(153262),17,11,65%,
153,國立金門大學,護理學系(願景組)(153272),8,8,100%,
153,國立金門大學,長期照護學系(153282),20,17,85%,
153,國立金門大學,長期照護學系(願景組)(153292),8,6,75%,
153,國立金門大學,社會工作學系(153302),21,17,81%,
153,國立金門大學,社會工作學系(願景組)(153312),9,6,67%,
153,國立金門大學,都市計畫與景觀學系(153322),21,12,57%,
153,國立金門大學,都市計畫與景觀學系(願景組)(153332),3,1,33%,
154,臺北基督學院,基督教博雅學系(154012),7,0,0%,
